_id,id,created_at,favorite_count,retweet_count,tweet:text
ObjectId("5d1b0ba5a1e804d8a7a4a177"),1145937310573355008,""2019-07-02T06:08:39.000Z"",0,187,RT @rortybomb: Given the way every other country with universal health care actually works, from the UK to Sweden still having private insu…
ObjectId("5d1b0ba5a1e804d8a7a4a178"),1145934804225003520,""2019-07-02T05:58:42.000Z"",9,0,@tobi No need for a replacement! Just keep the filters you have and stick with the compatible version of Lightroom. It’s all about vintage, right? 😄. I have a DCP script to make them compatible with new camera models.
ObjectId("5d1b0ba5a1e804d8a7a4a179"),1145772819260825601,""2019-07-01T19:15:02.000Z"",2618,940,Facebook and Google literally pay engineers an order of magnitude more to trick people into clicking on ads than Boeing pay some of its engineers to write airplane software. https://t.co/hS5PyGGlbt
ObjectId("5d1b0ba5a1e804d8a7a4a17a"),1145762529282580488,""2019-07-01T18:34:08.000Z"",1,0,@Sileence Haven’t found a good stand-alone unit. The last one I tried made the Awair go crazy!
ObjectId("5d1b0ba5a1e804d8a7a4a17b"),1145701737879277573,""2019-07-01T14:32:35.000Z"",4,0,@migueldeicaza I am in Spain. So maybe this is GDPR geolocation compliance? In any case, it's revolting.
ObjectId("5d1b0ba5a1e804d8a7a4a17c"),1145687839096659969,""2019-07-01T13:37:21.000Z"",4,0,@migueldeicaza When you visit the site, there's an overlay that asks you to just accept the surveillance. But there's a small link to change settings. Follow the white rabbit and you'll see just how deep the hole goes.
ObjectId("5d1b0ba5a1e804d8a7a4a17d"),1145687583432871938,""2019-07-01T13:36:20.000Z"",226,97,"Rajabi said the power for mining each Bitcoin equaled the power used by 24 residential units for an entire year", Bitcoin is not just a dystopian project in its  premise. It's also an active participant in bringing about that dystopia via climate change. https://t.co/VWiNckRlzQ
ObjectId("5d1b0ba5a1e804d8a7a4a17e"),1145673553980940294,""2019-07-01T12:40:35.000Z"",0,157,RT @CodeWisdom: "Treat your code like poetry and take it to the edge of the bare minimum." - ILYO
ObjectId("5d1b0ba5a1e804d8a7a4a17f"),1145672401906257920,""2019-07-01T12:36:00.000Z"",7,0,@migueldeicaza I recorded it myself visiting. https://t.co/vGR5dFYQBa
ObjectId("5d1b0ba5a1e804d8a7a4a180"),1145671304080703494,""2019-07-01T12:31:39.000Z"",115,30,#GrowthHacking hard at work. Despicable. https://t.co/4eurMifXBo
ObjectId("5d1b0ba5a1e804d8a7a4a181"),1145598377524158465,""2019-07-01T07:41:52.000Z"",151,39,The common opposite of anger isn’t happiness but apathy.
ObjectId("5d1b0ba5a1e804d8a7a4a182"),1145596508148043776,""2019-07-01T07:34:26.000Z"",421,136,Surveillance capitalism is a crowded hellhole. https://t.co/zvzbg2Kl9U
ObjectId("5d1b0ba5a1e804d8a7a4a183"),1145593300541411328,""2019-07-01T07:21:41.000Z"",0,27,RT @jakobssm: New Copenhagen Bicycle Account is out. The trend is now that CPH will reach the goal of 50% bicycle share to work and educati…
ObjectId("5d1b0ba5a1e804d8a7a4a184"),1145587745387102208,""2019-07-01T06:59:37.000Z"",247,39,This is what it looks like when app-centric developers continue to be dismayed by or puzzled as to why users prefer the web. Weak. #VivaLaWeb https://t.co/jjBujWoSRI
ObjectId("5d1b0ba5a1e804d8a7a4a185"),1145586626648858624,""2019-07-01T06:55:10.000Z"",32,14,“[Colorado] State surveys show that teenage marijuana use has fallen slightly since medical marijuana sales ramped up in 2009, and has been basically flat since full legalization” #WontSomeoneThinkOfTheChildren foiled again! Sad how far EU is behind. https://t.co/BEVAkme2Rw
ObjectId("5d1b0ba5a1e804d8a7a4a186"),1145583209989718017,""2019-07-01T06:41:35.000Z"",92,22,Another story of climate-change horrors that barely bothers to make the link beyond a throwaway “climate is getting warmer”. But hey, exciting to see what a 60,000 wasp super nest might look like soon 😬🙈 https://t.co/VVscHzjMwd
ObjectId("5d1b0ba5a1e804d8a7a4a187"),1144711654581710855,""2019-06-28T20:58:20.000Z"",0,4891,RT @BernieSanders: Congratulations to Illinois for legalizing marijuana and expunging 770,000 marijuana-related cases. It is time to legali…
ObjectId("5d1b0ba5a1e804d8a7a4a188"),1144711231972024320,""2019-06-28T20:56:40.000Z"",0,250,RT @dailystoic: “I prefer to do right and get no thanks than to do wrong and receive no punishment.” Cato the Elder
ObjectId("5d1b0ba5a1e804d8a7a4a189"),1144709393134555136,""2019-06-28T20:49:21.000Z"",0,21,RT @jasonfried: Out of the 700+ applications we’ve received for our Head of Marketing position, 200 came in today - the last day we’re acce…
ObjectId("5d1b0ba5a1e804d8a7a4a18a"),1144708886223564801,""2019-06-28T20:47:20.000Z"",0,0,@WalshBrice @basecamp Whole process should be wrapped within a month of closing time for applications.
ObjectId("5d1b0ba5a1e804d8a7a4a18b"),1144708132851081216,""2019-06-28T20:44:21.000Z"",44,5,@dharmesh @jitbit I’m very much an introvert 😬. Misnomer that introverts can’t put on a show. It’s just that it drains us immensely!
ObjectId("5d1b0ba5a1e804d8a7a4a18c"),1144620513744117762,""2019-06-28T14:56:11.000Z"",0,0,@WalshBrice @basecamp Whittling down the list of candidates, doing interviews, then letting everyone know when we've made our hire 👍
ObjectId("5d1b0ba5a1e804d8a7a4a18d"),1144570116014780416,""2019-06-28T11:35:55.000Z"",0,0,@tkrawiec Yep.
ObjectId("5d1b0ba5a1e804d8a7a4a18e"),1144505799148015616,""2019-06-28T07:20:21.000Z"",0,31,RT @am_haines: @dhh I don't know if you know this guy, but maybe you could see about letting the Rails community know about his misfortune.…
ObjectId("5d1b0ba5a1e804d8a7a4a18f"),1144504219048861697,""2019-06-28T07:14:04.000Z"",1,0,@FullOfCaffeine @stoeckley @m_adduci @etiene_d @andruby @pablocastilla It does. But treaties don’t cover all configurations. Basic income tax? No problem. LLC distributions? Double taxation.
ObjectId("5d1b0ba5a1e804d8a7a4a190"),1144503022556471296,""2019-06-28T07:09:19.000Z"",0,10735,RT @rdonoghue: Reminded that the Microsoft ebook store closes next week.  The DRM'd books will stop working.

I cannot believe that sentenc…
ObjectId("5d1b0ba5a1e804d8a7a4a191"),1144270720605859841,""2019-06-27T15:46:13.000Z"",2,0,@thramosal @pablocastilla Here's a primer: https://t.co/M4BnsLoYdg. The world's best performing school system, the Finnish, doesn't teach reading until 7+: https://t.co/xziA6QVzjU
ObjectId("5d1b0ba5a1e804d8a7a4a192"),1144223540356485121,""2019-06-27T12:38:45.000Z"",3,0,@extendsmymind @basecamp We use all sorts of technologies. But for web apps, we write them in Rails.
ObjectId("5d1b0ba5a1e804d8a7a4a193"),1144199807835283458,""2019-06-27T11:04:27.000Z"",1,0,@IndependentIan @etiene_d Doesn't help me. My income is from the US and it far exceeds $100k 😂
ObjectId("5d1b0ba5a1e804d8a7a4a194"),1144199590259961856,""2019-06-27T11:03:35.000Z"",12,0,@timanrebel To some, offering a strong opinion counter to their own is a sign of disrespect 😄🤷‍♂️
ObjectId("5d1b0ba5a1e804d8a7a4a195"),1144195110709714944,""2019-06-27T10:45:47.000Z"",115,4,(Personally, I've been blocked by many a VC. From Graham to Andreessen to Evans to Naval. That, though, I can sorta sympathize with. I don't pull my punches or couch them in NYT euphemisms. But actual NYT journos? For fucks sake.)
ObjectId("5d1b0ba5a1e804d8a7a4a196"),1144194224834928640,""2019-06-27T10:42:15.000Z"",157,12,The same VC class that loves to talk about and boost disruption is ironically also the most fragile bunch of Twitter users around. When even NYT journalists end up on your block list, maybe it's time to examine why even the mildest criticism cause you emotional spasms? https://t.co/E8JtlEU85C
ObjectId("5d1b0ba5a1e804d8a7a4a197"),1144193483412033536,""2019-06-27T10:39:19.000Z"",282,53,"It’s possible to enjoy, like, or even love work, and yet also appreciate life away from work. Appreciate the breaks and the distance from work that rewards us with perspective", https://t.co/gt15mR7whX
ObjectId("5d1b0ba5a1e804d8a7a4a198"),1144190632535232512,""2019-06-27T10:27:59.000Z"",1,0,@reemplazable @pablocastilla We've toured all the options in Marbella. Didn't end up finding any we liked. That's of course not all of Spain, and I'm sure there are other places in Spain with fine options. But that's not where we live (or want to live) 😄
ObjectId("5d1b0ba5a1e804d8a7a4a199"),1144190347108671488,""2019-06-27T10:26:51.000Z"",6,0,@etiene_d Most people won't get double taxed, since there are good tax treaties for normal wage arrangements with most countries. But with Spain, LLC distributions aren't treated the same, so double taxation. Agree that the 10-years-after-you-leave is insane, though.
ObjectId("5d1b0ba5a1e804d8a7a4a19a"),1144189902269145088,""2019-06-27T10:25:05.000Z"",0,0,@aaronmoodie Mark a few comments as spam every now and then. No big deal.
ObjectId("5d1b0ba5a1e804d8a7a4a19b"),1144127216940462083,""2019-06-27T06:16:00.000Z"",10,4,@FullOfCaffeine @etiene_d @andruby @pablocastilla Not so. Once you’ve been a resident in the US for 7+ years, you’ll be liable for US taxes on world income for a decade after you give up your residency. Just like US citizens.
ObjectId("5d1b0ba5a1e804d8a7a4a19c"),1144126410480656385,""2019-06-27T06:12:47.000Z"",17,0,@lachances @Julian_Epp @Pinboard Disturbing. Maybe this choice of bizarre metaphor for sleep deprivation is... due to sleep deprivation. Maybe get some rest and lay off the sexualization of coffee?
ObjectId("5d1b0ba5a1e804d8a7a4a19d"),1144125702024962048,""2019-06-27T06:09:58.000Z"",0,0,@stinhambo @pablocastilla They do! But not a fan of that style either.
ObjectId("5d1b0ba5a1e804d8a7a4a19e"),1144125499205148672,""2019-06-27T06:09:10.000Z"",2,0,@reemplazable @pablocastilla Not a fan of montessori either 😄
ObjectId("5d1b0ba5a1e804d8a7a4a19f"),1144125278836482049,""2019-06-27T06:08:17.000Z"",9,0,@brodock @andruby @pablocastilla So does Spain. Just doesn’t extend to LLC member distributions, which is how I get paid 😄. In any case, I don’t have an interest in living in the Netherlands. Spain was the country we considered.
ObjectId("5d1b0ba5a1e804d8a7a4a1a0"),1143973536136159234,""2019-06-26T20:05:19.000Z"",74,1,*latter. Hacker = systems intruder.
ObjectId("5d1b0ba5a1e804d8a7a4a1a1"),1143970617550606337,""2019-06-26T19:53:43.000Z"",14,0,@andruby @pablocastilla I’m not a US citizen and I’ve consulted with the best accountants money can buy. No dice 😄
ObjectId("5d1b0ba5a1e804d8a7a4a1a2"),1143970416614154240,""2019-06-26T19:52:55.000Z"",185,16,Hacker as a synonym for programmer while also being “person who breaks into systems” is the stupidest naming dispute in computing. The public decided long ago that hacker means the former. Wish the programming world would just accept the vote and move on!
ObjectId("5d1b0ba5a1e804d8a7a4a1a3"),1143970042289250304,""2019-06-26T19:51:26.000Z"",260,11,14 years ago, I was honored to be recognized as “Hacker of the year” by O’Reilly and Google at OSCON. But ever since its meant getting asked over and over and over again if I’m really good at breaking into computers! 🤦‍♂️
ObjectId("5d1b0ba5a1e804d8a7a4a1a4"),1143967258231943169,""2019-06-26T19:40:22.000Z"",40,1,@tenderlove Twitter would rather you keep all your insights ephemeral and sandwiched in between the ads right here 😄
ObjectId("5d1b0ba5a1e804d8a7a4a1a5"),1143965355511095298,""2019-06-26T19:32:49.000Z"",22,0,@mjesun Some people emigrate in all sorts of societies. I’ve had nothing but wonderful care from doctors who choose to stay 🤷‍♂️
ObjectId("5d1b0ba5a1e804d8a7a4a1a6"),1143965006364663809,""2019-06-26T19:31:26.000Z"",53,3,@pablocastilla I’d love to live in Spain full time if it didn’t mean double taxation (treaty doesn’t extend to LLC members) and a better school system (not a fan of homework for 5 year-olds)! We looked seriously at making a permanent move, but those two factors were blockers.
ObjectId("5d1b0ba5a1e804d8a7a4a1a7"),1143924488024801280,""2019-06-26T16:50:25.000Z"",9,0,@geoaxis Private out-of-pocket charge. No EU medical insurance.
ObjectId("5d1b0ba5a1e804d8a7a4a1a8"),1143907180762058754,""2019-06-26T15:41:39.000Z"",86,0,@ericraio 💯👌
ObjectId("5d1b0ba5a1e804d8a7a4a1a9"),1143906312872501249,""2019-06-26T15:38:12.000Z"",1009,125,I went to a specialist for a checkup on a thyroid issue here in Spain this week. It included a 45-minute consultation, an ultrasound done by the doctor in the office, and a battery of blood tests. Uninsured out-of-pocket cost: €240. What would that have cost in the US? 10x?
ObjectId("5d1b0ba5a1e804d8a7a4a1aa"),1143889275626369029,""2019-06-26T14:30:30.000Z"",0,564,RT @sarahkliff: Another stunning Zuckerberg SF General bill: an uninsured patient receives a $3,321 bill for a single stitch. 

https://t.c…
ObjectId("5d1b0ba5a1e804d8a7a4a1ab"),1143889089558700033,""2019-06-26T14:29:46.000Z"",315,116,"This obsession is founded in a pessimistic view of humanity's default being lazy loafers. That unless we constantly reinforce the virtue of “hard work”, we’re all just going to slouch on the couch. Nonsense. The drive for creativity &amp; creation is innate", https://t.co/BpCwjCzLc9
ObjectId("5d1b0ba5a1e804d8a7a4a1ac"),1143438825273868288,""2019-06-25T08:40:34.000Z"",0,853,RT @adamjohnsonNYC: “wounds” are now responsible for killing unarmed black people @ultratimprime https://t.co/SodQI3lo3D
ObjectId("5d1b0ba5a1e804d8a7a4a1ad"),1143437986266320897,""2019-06-25T08:37:14.000Z"",0,61,RT @adamjohnsonNYC: @roqchams Middle class kids go to college therefore making college free is a handout to middle class is top shelf sophi…
ObjectId("5d1b0ba5a1e804d8a7a4a1ae"),1143437796528533504,""2019-06-25T08:36:29.000Z"",0,95,RT @matthewstoller: Most important is the moral element. If we saddle doctors with six figure debts their medical education is a financial…
ObjectId("5d1b0ba5a1e804d8a7a4a1af"),1143246371899805697,""2019-06-24T19:55:50.000Z"",0,31,RT @AnandWrites: Will #AspenIdeas sponsor Mark Zuckerberg be grilled and actually held accountable? Or will he be treated as a venerable Th…
ObjectId("5d1b0ba5a1e804d8a7a4a1b0"),1143244281177657344,""2019-06-24T19:47:31.000Z"",0,1269,RT @existentialcoms: What Is Existentialism?
https://t.co/9EXX0RDGkr https://t.co/A8dX92mP0g
ObjectId("5d1b0ba5a1e804d8a7a4a1b1"),1143243750933708800,""2019-06-24T19:45:25.000Z"",0,15,RT @jasonfried: HIRING NOTE: This Friday, June 28th, is the deadline to apply for the first-ever Head of Marketing position at Basecamp. Th…
ObjectId("5d1b0ba5a1e804d8a7a4a1b2"),1143187618605281280,""2019-06-24T16:02:22.000Z"",18,1,@keepsitrustic @jasonfried We literally have openings right now for both writers (email support) and marketing 😄! Rare, though: https://t.co/QZyyMaWlov
ObjectId("5d1b0ba5a1e804d8a7a4a1b3"),1143177219558260736,""2019-06-24T15:21:03.000Z"",16,2,@Yvonne_Ladymoto Tailor your application to the job, don't just send a generic one. Research the basics without being stalky about it. Share real examples of the work. Write a solid, human cover letter. That's at least what hooks me when looking!
ObjectId("5d1b0ba5a1e804d8a7a4a1b4"),1143157521789661184,""2019-06-24T14:02:46.000Z"",522,110,"Applying for a job is hard. Every time you don’t hear back, you can lose a tiny little something of yourself. So if you keep applying for unlikely-to-get jobs, you might eventually water yourself down until it’s a very thin cup of tea indeed." https://t.co/t9aXTrJwXY
ObjectId("5d1b0ba5a1e804d8a7a4a1b5"),1142478695308943361,""2019-06-22T17:05:21.000Z"",3,2,@MichaelSchein1 @asmartbear @mijustin @arlogilbert Projection? 😄 Lots of entrepreneurs simply cannot fathom that there is a way to build a company that doesn’t require the 100h week’s that they’re putting in. But there is and we have 🤷‍♂️
ObjectId("5d1b0ba5a1e804d8a7a4a1b6"),1142067068218609665,""2019-06-21T13:49:42.000Z"",145,31,US flies spy drone either close to or within Iranian airspace. Iranians shoot down the spy drone. US president orders military strike on Iran, only to pull back at the last minute. 

It's such a mystery why any country would want a nuclear weapon... https://t.co/nDytA2yuRi
ObjectId("5d1b0ba5a1e804d8a7a4a1b7"),1142034259651305472,""2019-06-21T11:39:20.000Z"",0,2395,RT @nicoemoe: Uber is a tinder box. I spent almost 2 hrs yesterday in a big LA Uber Hub. I saw driver after driver dealing with being deact…
ObjectId("5d1b0ba5a1e804d8a7a4a1b8"),1142029231238635520,""2019-06-21T11:19:21.000Z"",0,151,RT @mikaelwulff: https://t.co/CGjlCFFwmD
ObjectId("5d1b0ba5a1e804d8a7a4a1b9"),1141833389596729344,""2019-06-20T22:21:08.000Z"",0,334,RT @drewharwell: Amazon patents "surveillance as a service": flying delivery drones that watch your house and alert the police when they se…
ObjectId("5d1b0ba5a1e804d8a7a4a1ba"),1141793504009609216,""2019-06-20T19:42:39.000Z"",0,157,RT @Pinboard: Microsoft's June PAC filing is out, and shows that last month Microsoft decided to join Google in donating to Greg Gianforte,…
ObjectId("5d1b0ba5a1e804d8a7a4a1bb"),1141782037243842561,""2019-06-20T18:57:05.000Z"",73,6,@ryanflorence Our method is to have open source and teaching be the byproduct of building the product. The work has to happen anyway, so might as well share it! 😄
ObjectId("5d1b0ba5a1e804d8a7a4a1bc"),1141647470033821697,""2019-06-20T10:02:22.000Z"",592,111,Wtf Europe?! I thought you were supposed to be the smart ones. https://t.co/v6CmyGWgBg
ObjectId("5d1b0ba5a1e804d8a7a4a1bd"),1141353544727109634,""2019-06-19T14:34:25.000Z"",216,11,Finally, kudos to @CaseyNewton and @verge for reporting this story. Tech journalism has come an awful long way from those awfully cheerleading days of the 00s.
ObjectId("5d1b0ba5a1e804d8a7a4a1be"),1141352600169844737,""2019-06-19T14:30:39.000Z"",75,11,Instead we get odes to maybe some day helping moderators who've suffered lasting mental distress with “Of course we should do that,” he said, "[but] It’s really, really hard to pull it off in a legally compliant way". That's when the "legality" of helping people matters.
ObjectId("5d1b0ba5a1e804d8a7a4a1bf"),1141352231247237132,""2019-06-19T14:29:11.000Z"",120,25,Note how all of Facebook's responses in the piece are based around the core assumption that this work simply must happen. Rather than challenging the assumption that anyone should be exposed to this, and that a system that requires such exposure is fundamental defunct.
ObjectId("5d1b0ba5a1e804d8a7a4a1c0"),1141351239726391297,""2019-06-19T14:25:15.000Z"",94,21,One of the inspirational posters at a Facebook content-moderation factory. Do you think Zuckerberg would last a week if he had to work with the toxic psychological waste that Facebook produces himself? https://t.co/1av0uChMaB
ObjectId("5d1b0ba5a1e804d8a7a4a1c1"),1141350234213277696,""2019-06-19T14:21:15.000Z"",366,99,First conceived as a personal call to action, I'm starting to believe that #DeleteFacebook should be taken more literal. Delete all of Facebook. Not individual accounts, but the whole fucking thing.
ObjectId("5d1b0ba5a1e804d8a7a4a1c2"),1141349183477207040,""2019-06-19T14:17:05.000Z"",212,42,If the byproduct of your operations is this insanely toxic psychological waste, then your operations are simply not safe for human operations, and should be shut down. Just as if you were pouring lead into the local pond.
ObjectId("5d1b0ba5a1e804d8a7a4a1c3"),1141348485868019712,""2019-06-19T14:14:18.000Z"",141,55,Even reading this story of the working conditions for Facebook moderators feels like a kind of psychological abuse. I cannot even imagine actually having to watch this stuff. It's so fucking disturbing. https://t.co/KioNWAKd6O
ObjectId("5d1b0ba5a1e804d8a7a4a1c4"),1141347474365407234,""2019-06-19T14:10:17.000Z"",186,77,If the stories of what Facebook's content moderators must endure were of prisoners being forced to watch that shit for 8 hours/day, we'd rightly decry such abuse as torturous. At Facebook, it's just business. https://t.co/LCz1r7OozG
ObjectId("5d1b0ba5a1e804d8a7a4a1c5"),1141335821485785088,""2019-06-19T13:23:59.000Z"",338,96,To cope with the absolutely terror of moderating for Facebook, employees are allotted nine minutes of "wellness time" per day. Nine minutes. Not ten. Nine. This company and the contractors it hires is an abomination.
ObjectId("5d1b0ba5a1e804d8a7a4a1c6"),1141334621512245248,""2019-06-19T13:19:13.000Z"",263,77,Facebook pays moderators $28,800/year to be exposed to the most vile content in the world. Content Facebook's fundamental model is the distributor of. It's beyond broken.
ObjectId("5d1b0ba5a1e804d8a7a4a1c7"),1141333544414961664,""2019-06-19T13:14:56.000Z"",416,130,Maybe time to admit that the mission of "connecting the world" has been an abject failure. That the world is worse off from being connected in the ways Facebook has done it.
ObjectId("5d1b0ba5a1e804d8a7a4a1c8"),1141333088829607936,""2019-06-19T13:13:07.000Z"",1284,805,"My son died here", said the father of one of Facebook's content moderators. What an absolutely deplorable working environment 😞 https://t.co/YgCpvpjrKh
ObjectId("5d1b0ba5a1e804d8a7a4a1c9"),1141280047753510912,""2019-06-19T09:42:21.000Z"",290,69,“It took such a long time for me to accept the fact that it’s O.K. to not work on weekends or on weekday nights”, says writer of the Japanese TV program "I Will Not Work Overtime, Period!" https://t.co/tT5UExynf1
ObjectId("5d1b0ba5a1e804d8a7a4a1ca"),1141079152470253569,""2019-06-18T20:24:04.000Z"",0,1,@amberweinberg @JoeEmison @37signals That would definitely be cool. Not easy to do, especially when the two versions have different features and this different content. Still, we are big fans of the basic concept that doesn’t force all users to upgrade on our schedule.
ObjectId("5d1b0ba5a1e804d8a7a4a1cb"),1141077486060617730,""2019-06-18T20:17:27.000Z"",0,2,RT @jasonfried: In the latest episode of The REWORK Podcast, the people behind the famous 2004 Quiznos campaign featuring those weird roden…
ObjectId("5d1b0ba5a1e804d8a7a4a1cc"),1141076901408194560,""2019-06-18T20:15:08.000Z"",1,0,@amberweinberg @JoeEmison @37signals That’s exactly why we keep multiple versions around 😄. Every generation of Basecamp has ardent fans who’d prefer to stay with what they have. More power to them! Most companies force everyone to upgrade. We don’t.
ObjectId("5d1b0ba5a1e804d8a7a4a1cd"),1140936513536036864,""2019-06-18T10:57:17.000Z"",4,1,@amiridis We're writing a whole book on our general process as well. @rjs is putting final touches on it now. We'll pair that with explaining how to use this process from within Basecamp. We def need to do better at explaining how Basecamp uses Basecamp 👍
ObjectId("5d1b0ba5a1e804d8a7a4a1ce"),1140936070558883842,""2019-06-18T10:55:31.000Z"",0,1224,RT @johnsundell: Want to see something *really cool*? 😀

Since SwiftUI views are just plain old structs, they can easily be made Codable, w…
ObjectId("5d1b0ba5a1e804d8a7a4a1cf"),1140905414659334144,""2019-06-18T08:53:42.000Z"",0,8238,RT @existentialcoms: Nietzsche: God is dead.
Everyone: wow cool.
Nietzsche: No, not cool you little shits. Now we have to be God ourselves.…
ObjectId("5d1b0ba5a1e804d8a7a4a1d0"),1140904678080860161,""2019-06-18T08:50:46.000Z"",1,0,@realdanlyons Terrible. Remember that story when it first made the rounds. I think the write-up is from 2017. Hopefully she’s gotten wiser since 😄
ObjectId("5d1b0ba5a1e804d8a7a4a1d1"),1140902986262204416,""2019-06-18T08:44:03.000Z"",1,0,@amiridis Good question. For us, we use Basecamp exclusively to track the work. So todos for outstanding features, bugs, whatever. GitHub solely for PR review. Don’t use issues at all. Should do a video for this!
ObjectId("5d1b0ba5a1e804d8a7a4a1d2"),1140704520340742145,""2019-06-17T19:35:25.000Z"",0,47,RT @ritholtz: “In a roaring bull market, knowledge is superfluous and experience is a handicap.” 

–Benjamin Graham
ObjectId("5d1b0ba5a1e804d8a7a4a1d3"),1140621934423674880,""2019-06-17T14:07:15.000Z"",451,12,It makes me feel so special when I go to unsubscribe from a new spam mailing list and the name of the list on the Mailchimp confirmation screen is "US - Hot Leads" 😘😑🙄
ObjectId("5d1b0ba5a1e804d8a7a4a1d4"),1140277272018063361,""2019-06-16T15:17:41.000Z"",0,14694,RT @tombellino: My coworkers in an open-concept office every four minutes https://t.co/OV7VuW4ZbA
ObjectId("5d1b0ba5a1e804d8a7a4a1d5"),1139846138968907777,""2019-06-15T10:44:31.000Z"",6,0,@jasonsbarr Single-core performance is what governs lots of apps, like anything to do with the web.
ObjectId("5d1b0ba5a1e804d8a7a4a1d6"),1139789535351492608,""2019-06-15T06:59:36.000Z"",258,66,Peak single-core Android performance is bad, but the long tail is truly horrendous. Maybe Apple should show some mercy and license their 3-year old chips to Android makers for the good of the world 😂 https://t.co/iURd4BFCzt
ObjectId("5d1b0ba5a1e804d8a7a4a1d7"),1139787755377049601,""2019-06-15T06:52:31.000Z"",0,9,RT @dhhracing: It feels like we’ve been in Le Mans for a month, but today it’s finally time to race the #LeMans24! We start P12 in the #37…
ObjectId("5d1b0ba5a1e804d8a7a4a1d8"),1139787645679284225,""2019-06-15T06:52:05.000Z"",0,32,RT @jasonfried: Unusual hiring fest going on over here at Basecamp. From a roughly two-year hiring freeze, to thawing things out a bit, we’…
ObjectId("5d1b0ba5a1e804d8a7a4a1d9"),1139530494721347584,""2019-06-14T13:50:16.000Z"",0,7137,RT @SarahJamieLewis: Can't wait for a cryptocurrency with the ethics of Uber, the censorship resistance of Paypal, and the centralization o…
ObjectId("5d1b0ba5a1e804d8a7a4a1da"),1139478875346481153,""2019-06-14T10:25:09.000Z"",934,280,Facebook can’t manage the integrity of the private data it’s entrusted with. Now it wants to manage people’s money? And track all purchases made with said money? GTFO. https://t.co/CpQ3Pd95Ui
