_id,id,created_at,favorite_count,retweet_count,tweet:text
ObjectId("5d1b0c32a1e804d8a7a4a1de"),1145749834218893312,""2019-07-01T17:43:42.000Z"",0,1064,RT @shekharkapur: India was a water crisis 15 years ago. But as long as water ran in the taps of urban dwellers and the decision makers ..…
ObjectId("5d1b0c32a1e804d8a7a4a1df"),1145749280071671808,""2019-07-01T17:41:30.000Z"",9,0,Thts awesome! Glad you enjoyed it:) https://t.co/Uvwczptbig
ObjectId("5d1b0c32a1e804d8a7a4a1e0"),1145629178957426688,""2019-07-01T09:44:15.000Z"",7,0,That’s the thing about shef &amp; rish ! You will find a part of you in them:))) #mindthemalhotras @cyrus_sahu https://t.co/JabZ764y7t
ObjectId("5d1b0c32a1e804d8a7a4a1e1"),1145628904377315328,""2019-07-01T09:43:10.000Z"",0,0,@shenaz_irani Wowwww!!! Superb!!!
ObjectId("5d1b0c32a1e804d8a7a4a1e2"),1145628714480234497,""2019-07-01T09:42:24.000Z"",12,0,Yipppeeeee!!!! https://t.co/dk88pBs1eF
ObjectId("5d1b0c32a1e804d8a7a4a1e3"),1145623789834665984,""2019-07-01T09:22:50.000Z"",58,11,I got my #neoperl @NeoperlEN water aerators today!!! My water wastage will reduce by 80% just by fitting big these simple aerators in my taps . And you can fit these in all on you own! Here the link to order yours right now #WaterCrisisInIndia 
https://t.co/S86CwY8ye8 https://t.co/IINYCmAtd5
ObjectId("5d1b0c32a1e804d8a7a4a1e4"),1145569780675567619,""2019-07-01T05:48:14.000Z"",6,1,@VFSGlobal thank you so much for being so courteous, gracious and helping me navigate through a messy situation. Merzi, Sidharth, &amp; Zarin .. my full gratitude😊
ObjectId("5d1b0c32a1e804d8a7a4a1e5"),1145524589738561543,""2019-07-01T02:48:39.000Z"",15,0,Appreciate it :) lemme know what you think! #mindthemalhotras https://t.co/4fdpUguWrT
ObjectId("5d1b0c32a1e804d8a7a4a1e6"),1145394230371635201,""2019-06-30T18:10:39.000Z"",20,0,Thank you for the appreciation ❤️ https://t.co/28et1QnlTX
ObjectId("5d1b0c32a1e804d8a7a4a1e7"),1145393420271099904,""2019-06-30T18:07:26.000Z"",1,0,@fridaythe1300 @PriyaSometimes The lady in question hasn’t supplied us with any rebuttal statistics either. Not enough just to question. See the cnn report https://t.co/Aaon6YAguS
ObjectId("5d1b0c32a1e804d8a7a4a1e8"),1145296779518324736,""2019-06-30T11:43:25.000Z"",45,2,So I put plants under my AC pipes in rotation or then a bucket. It’s pure distilled water. Can be reused. https://t.co/A4T5TpqMrZ
ObjectId("5d1b0c32a1e804d8a7a4a1e9"),1145296596638294017,""2019-06-30T11:42:41.000Z"",13,0,Well said! https://t.co/1fByl660oX
ObjectId("5d1b0c32a1e804d8a7a4a1ea"),1145196825617375232,""2019-06-30T05:06:14.000Z"",22,2,Yes &amp; yes. https://t.co/7qo5Mj7nvZ
ObjectId("5d1b0c32a1e804d8a7a4a1eb"),1145190694337695744,""2019-06-30T04:41:52.000Z"",0,0,@ZalimCapitalist @jaya_misra I apologise if the tone of my tweet appeared weird but I cannot understand the purpose of your tweet...wanting people to stick to using water as an unending resource when statistics FINALLY woke them up be be a little environmentally aware
ObjectId("5d1b0c32a1e804d8a7a4a1ec"),1145190183412699136,""2019-06-30T04:39:50.000Z"",0,0,@ZalimCapitalist @jaya_misra From what I understand... the lady has done a commendable job of tracing the chain but is essentially thrown off by the way this note has been framed. At no point has any comparative statistic been able to deny that India’s water crisis is real and that we will be dry in a decade
ObjectId("5d1b0c32a1e804d8a7a4a1ed"),1145181675376087041,""2019-06-30T04:06:02.000Z"",0,0,@ZalimCapitalist @jaya_misra It’s meant to alarm &amp; alert citizens because water is not endless. Have you seen 2019 monsoon reports yet? . What you’re doing is putting  people back in the same lull of unpanicked, callous water wastage... I’m shocked at the purpose of your tweet. 2/2
ObjectId("5d1b0c32a1e804d8a7a4a1ee"),1145181459289763840,""2019-06-30T04:05:10.000Z"",0,0,@ZalimCapitalist @jaya_misra I’m sorry but you are wrong. This is not a false statistic. It’s based on a UN report that assessed all potential water reservoirs including lakes and water boddies, ground water, deforestation that’s leading to an imbalanced water cycles and rains. 1/2
ObjectId("5d1b0c32a1e804d8a7a4a1ef"),1144966797021589504,""2019-06-29T13:52:11.000Z"",16,0,🏆 to you also. 👏🏼 https://t.co/hAewC9CxW4
ObjectId("5d1b0c32a1e804d8a7a4a1f0"),1144966265892741120,""2019-06-29T13:50:04.000Z"",9,1,Good, simple, doable ideas https://t.co/WJlyuULLzR
ObjectId("5d1b0c32a1e804d8a7a4a1f1"),1144847787973963781,""2019-06-29T05:59:17.000Z"",42,7,#savewater #watersrisisinindia https://t.co/pfnPqlzyp6
ObjectId("5d1b0c32a1e804d8a7a4a1f2"),1144823526144323584,""2019-06-29T04:22:53.000Z"",0,0,@KrishnaAnand_ Been there , done that. Most unhelpful exercise
ObjectId("5d1b0c32a1e804d8a7a4a1f3"),1144688552548032512,""2019-06-28T19:26:32.000Z"",0,3,RT @buzzdreamz: Few ideas 💡 to save water! #SaveWater  #savewaterindia @WaterAidIndia #chennai #mumbai #minimathur https://t.co/6PrRQdx3SX…
ObjectId("5d1b0c32a1e804d8a7a4a1f4"),1144687631281713152,""2019-06-28T19:22:53.000Z"",0,5,RT @SaumyaS18802664: @minimathur 1.Harvest water discarded from AC &amp; RO
2.Rain water harvesting tanks should to be setup in roofs so as to…
ObjectId("5d1b0c32a1e804d8a7a4a1f5"),1144685930160128000,""2019-06-28T19:16:07.000Z"",5,0,@VFSGlobal The UK embassy has issued my minor kids a visa that valid ONLY if their grandmother travels with them!?! We (the parents) have not neither asked for it nor submitted a consent letter for the same!! She is already in the UK! Cancelled my flights ! Kindly sort this mess!
ObjectId("5d1b0c32a1e804d8a7a4a1f6"),1144585723569299456,""2019-06-28T12:37:56.000Z"",47,8,So one thing we can all do with immediate effect is put these AERATORS in all our taps. It costs very little but you end up saving 500 litres per person or 7 litres per minute. Now multiply that with water using population. Here the link to buy one 
https://t.co/S86CwY8ye8 https://t.co/PUNOnkCX9F
ObjectId("5d1b0c32a1e804d8a7a4a1f7"),1144511295955206144,""2019-06-28T07:42:11.000Z"",8,0,Thank you !! Glad you enjoyed #MindTheMalhotras https://t.co/IUyfRgpPyD
ObjectId("5d1b0c32a1e804d8a7a4a1f8"),1144511167403925504,""2019-06-28T07:41:40.000Z"",686,380,For anyone who is still in any doubt about whether the #watercrisisinindia is real, here is the UN report on water conservation.
Please know that our kids are not going to have normal lives. Be VERY scared &amp; save every drop. Sensible Suggestions to save water will be retweeted. https://t.co/XnG62vtQoK
ObjectId("5d1b0c32a1e804d8a7a4a1f9"),1144508733654884352,""2019-06-28T07:32:00.000Z"",10,1,Every Indian Family Ever 
featuring The Malhotras @minimathur @cyrus_sahu (Rated 18+) | Amazon Prime Video #MindTheMalhotras 

https://t.co/2ubk41IhXk
ObjectId("5d1b0c32a1e804d8a7a4a1fa"),1144272088338960388,""2019-06-27T15:51:40.000Z"",456,58,#MahuaMoitra we need more women like you in Parliament!  Respect! https://t.co/VAm6GT8Qc1
ObjectId("5d1b0c32a1e804d8a7a4a1fb"),1144158626895974400,""2019-06-27T08:20:48.000Z"",56,19,The clever crows reality. #watercrisis #savewater https://t.co/u0q5gKFzFr
ObjectId("5d1b0c32a1e804d8a7a4a1fc"),1144062549178105856,""2019-06-27T01:59:02.000Z"",0,21,RT @bookmyshow: A decade ago we met Sam, Maya and Omar on this journey that made us laugh, cry and think. Tell us your favourite part in 
@…
ObjectId("5d1b0c32a1e804d8a7a4a1fd"),1143904468980781057,""2019-06-26T15:30:52.000Z"",17,1,Even if a few of us end up saving water with my tweets, it’s better than none. https://t.co/sTHdybLYZf
ObjectId("5d1b0c32a1e804d8a7a4a1fe"),1143904212050333696,""2019-06-26T15:29:51.000Z"",7,1,Thanks medha :) https://t.co/5fVVqf9Bye
ObjectId("5d1b0c32a1e804d8a7a4a1ff"),1143903974237462528,""2019-06-26T15:28:54.000Z"",8,1,Sounds like everyone is working towards dealing with a common crisis. That’s the way to deal with it #watercrisis #savewater https://t.co/LTSyvIFoXx
ObjectId("5d1b0c32a1e804d8a7a4a200"),1143903626718371841,""2019-06-26T15:27:31.000Z"",12,0,Thank you so much Sonal .. happy to provide free therapy :)) #mindthemalhotras https://t.co/TTqxeu5J7r
ObjectId("5d1b0c32a1e804d8a7a4a201"),1143839790896316416,""2019-06-26T11:13:52.000Z"",17,1,Yes absolutely. If you make people pay for it, see how much you will save @moefcc https://t.co/0QdDeDteAQ
ObjectId("5d1b0c32a1e804d8a7a4a202"),1143839407163637761,""2019-06-26T11:12:20.000Z"",10,0,Thank you Medha ❤️ https://t.co/5fVVqf9Bye
ObjectId("5d1b0c32a1e804d8a7a4a203"),1143839351199027200,""2019-06-26T11:12:07.000Z"",0,3,RT @amit29035: @PMOIndia @drharshvardhan @HRDMinistry @minimathur @dhruv_rathee  Ministry of Environment, Forest and Climate Change: Petiti…
ObjectId("5d1b0c32a1e804d8a7a4a204"),1143755470374653957,""2019-06-26T05:38:48.000Z"",81,6,Nothing except save water as an aware citizen. Using social media to share ideas. You sir, please carry on with your life. The crisis is clearly not meant for you. https://t.co/IwxbAlHc6D
ObjectId("5d1b0c32a1e804d8a7a4a205"),1143727206448979968,""2019-06-26T03:46:30.000Z"",0,6,RT @nairsameer: #India has some of the best macro trends on its side...but we must urgently fix our #WaterWoes #AgriculturalInfrastructure…
ObjectId("5d1b0c32a1e804d8a7a4a206"),1143726281097396226,""2019-06-26T03:42:49.000Z"",0,0,@sank256 No I said don’t let the taps run while you brush.
ObjectId("5d1b0c32a1e804d8a7a4a207"),1143588957633908736,""2019-06-25T18:37:09.000Z"",14,0,Thank you sir 🙏🏻 #mindthemalhotras https://t.co/wu4C4i0Nov
ObjectId("5d1b0c32a1e804d8a7a4a208"),1143588784417562624,""2019-06-25T18:36:27.000Z"",8,0,Big thank you 😊 #mindthemalhotras https://t.co/Wy9k4QOUDh
ObjectId("5d1b0c32a1e804d8a7a4a209"),1143514872375681026,""2019-06-25T13:42:45.000Z"",7,0,Madam.. the time to be delusional about this is over. @moefcc #watercrisis #SaveWater https://t.co/bA3c5POOrS
ObjectId("5d1b0c32a1e804d8a7a4a20a"),1143514483995791360,""2019-06-25T13:41:13.000Z"",0,10,RT @ravirp: @minimathur
Kisan family se hun. Bol bol kar thak gaya ki chote chote baandh bana kar kheto mein barish k pani ko roko, isse un…
ObjectId("5d1b0c32a1e804d8a7a4a20b"),1143514343146807297,""2019-06-25T13:40:39.000Z"",0,0,@shomikray77 @moefcc Thank you for this suggestion. Done
ObjectId("5d1b0c32a1e804d8a7a4a20c"),1143495011012530178,""2019-06-25T12:23:50.000Z"",54,3,This day, that year.. India made history!! And team’83 is off to a flying start!! @83thefilm @kabirkhankk ❤️ https://t.co/Bj2T4gMEUC
ObjectId("5d1b0c32a1e804d8a7a4a20d"),1143493864864399360,""2019-06-25T12:19:17.000Z"",7,2,Every housing society should start doing the same. Good mandate to follow #watercrisis #SaveWater https://t.co/IRTBSHXgFp
ObjectId("5d1b0c32a1e804d8a7a4a20e"),1143493557602287617,""2019-06-25T12:18:03.000Z"",0,1,RT @KrishnaAnand_: You know @minimathur I am so happy to see your efforts on saving water, and happy to share my ideas too. Just feel such…
ObjectId("5d1b0c32a1e804d8a7a4a20f"),1143493411791499264,""2019-06-25T12:17:29.000Z"",1,0,@anupamarrao He is right.
