_id,id,created_at,favorite_count,retweet_count,tweet:text
ObjectId("5d1b2633a558932c46349e53"),1145719364374732801,""2019-07-01T15:42:37.000Z"",18107,3646,Union Home Minister Shri @AmitShah’s speeches in both Houses of Parliament were comprehensive and insightful. Those who want a clearer understanding of the Kashmir issue must hear his speeches. 

https://t.co/QM6rbAjk3e 

https://t.co/Jbin3kNl1h
ObjectId("5d1b2633a558932c46349e54"),1145719186393579525,""2019-07-01T15:41:55.000Z"",10105,2028,Passage of Jammu and Kashmir Reservation (Amendment) Bill ensures justice for those living in the border areas of Kathua, Samba &amp; Jammu districts. 

The aspirations of the bright and talented youth of these areas will be fulfilled, which is wonderful for the state and our nation.
ObjectId("5d1b2633a558932c46349e55"),1145718648419553280,""2019-07-01T15:39:46.000Z"",27515,4069,Both Houses of Parliament unanimously passed two important bills pertaining to Jammu and Kashmir. These bills were passed after rich debates, enriched by participation of MPs across party lines. 

I thank all parties for their support. 

Such bipartisan support is gladdening.
ObjectId("5d1b2633a558932c46349e56"),1145686700489756675,""2019-07-01T13:32:49.000Z"",11356,2377,Wise words from @SrBachchan, which will surely inspire you towards conserving water and urging others to do so as well! #JanShakti4JalShakti https://t.co/vrkcXiZuRM
ObjectId("5d1b2633a558932c46349e57"),1145686588975771648,""2019-07-01T13:32:23.000Z"",13277,2489,Extremely valid points by @aamir_khan on the need to conserve water and create awareness at the grassroots level. #JanShakti4JalShakti https://t.co/Fs3Zd2AVYo
ObjectId("5d1b2633a558932c46349e58"),1145686389222019074,""2019-07-01T13:31:35.000Z"",18939,3839,I urge my fellow Indians to wholeheartedly support the #JalShaktiAbhiyan. 

Let us leave no stone unturned in strengthening the mass movement to conserve water. #JanShakti4JalShakti https://t.co/9JzKXmzdM2
ObjectId("5d1b2633a558932c46349e59"),1145669294887276544,""2019-07-01T12:23:40.000Z"",14745,2491,GST is a major reform that fulfilled the dream of ‘One Nation, One Tax.’

Introduction of GST remains a great example of cooperative federalism.

As GST completes 2 years, congratulations to those who made it possible and constantly took feedback to make it more people-friendly. https://t.co/xalv96i7Cg
ObjectId("5d1b2633a558932c46349e5a"),1145668997221715969,""2019-07-01T12:22:29.000Z"",13135,1633,Had a wonderful meeting with a delegation of the Sikh Community. https://t.co/idt09IeYOv
ObjectId("5d1b2633a558932c46349e5b"),1145668677636780032,""2019-07-01T12:21:12.000Z"",11259,1802,Keep up the good work! #JanShakti4JalShakti https://t.co/yzPT1LAkAW
ObjectId("5d1b2633a558932c46349e5c"),1145668535974105088,""2019-07-01T12:20:39.000Z"",12957,2155,Excellent! Proactive measures like this will go a long way in conserving water. #JanShakti4JalShakti https://t.co/dctp5pAMpi
ObjectId("5d1b2633a558932c46349e5d"),1145668418579779584,""2019-07-01T12:20:11.000Z"",5295,859,Glad to see this! https://t.co/GNvuLPkJXL
ObjectId("5d1b2633a558932c46349e5e"),1145668362044731392,""2019-07-01T12:19:57.000Z"",5562,983,I had never left...these four months were like an 'Alpa Viram' and we are now back to add more words and memories to our dialogue. #MannKiBaat https://t.co/DY8RL3EkAm
ObjectId("5d1b2633a558932c46349e5f"),1145572813694107648,""2019-07-01T06:00:17.000Z"",34870,4665,On #DoctorsDay, I congratulate all hardworking doctors for their round the clock efforts to make our society fit and healthy. No words can do justice to their monumental contribution to public welfare. 

I also pay tributes to Dr. BC Roy, a distinguished doctor himself.
ObjectId("5d1b2633a558932c46349e60"),1145572639118807047,""2019-07-01T05:59:35.000Z"",16862,3301,The hardworking fraternity of Chartered Accountants has been furthering the culture of honesty and better corporate governance in our society. 

CAs also play a key role in advancing economic prosperity. 

Today, on CA Day, my best wishes to all CAs for their future endeavours.
ObjectId("5d1b2633a558932c46349e61"),1145572257051246592,""2019-07-01T05:58:04.000Z"",8457,1466,The accident in Jammu and Kashmir's Kishtwar is heart-wrenching. We mourn all those who lost their lives and express condolences to the bereaved families. May the injured recover at the earliest.
ObjectId("5d1b2633a558932c46349e62"),1145543315682680836,""2019-07-01T04:03:04.000Z"",13956,2556,The @_DigitalIndia initiative is a people’s movement, powered by people’s strength and their efforts to learn as well as innovate. 

I salute all those assiduously working to strengthen Digital India and wish them the very best for their future efforts. #DigitalIndiaNewIndia
ObjectId("5d1b2633a558932c46349e63"),1145543068424331264,""2019-07-01T04:02:05.000Z"",13589,2548,On this day, 4 years ago @_DigitalIndia was launched, to leverage the power of technology and make technology more accessible. Digital India has empowered people, significantly reduced corruption and improved public service delivery to benefit the poor. #DigitalIndiaNewIndia
ObjectId("5d1b2633a558932c46349e64"),1145520053242257408,""2019-07-01T02:30:38.000Z"",5541,1152,Heard the #MannKiBaat yesterday? 

Do take part in this quiz, covering the topics discussed during the programme. https://t.co/TYuxNO0R6P https://t.co/cOVrvkfl5h
ObjectId("5d1b2633a558932c46349e65"),1145519556598861824,""2019-07-01T02:28:39.000Z"",20501,2328,Greetings to the Vice President of India, Shri @MVenkaiahNaidu Ji on his birthday. 

Over the last two years he has been energetically serving the nation as our VP. He has also been excellently chairing the Rajya Sabha. I pray for his long and healthy life. @VPSecretariat
ObjectId("5d1b2633a558932c46349e66"),1145245528403218432,""2019-06-30T08:19:46.000Z"",27064,6036,Our efforts today will improve the lives of the future generations!

Let us come together to conserve water. 

I have three requests for you all. Here they are. 

#JanShakti4JalShakti https://t.co/Xu472fpiCR
ObjectId("5d1b2633a558932c46349e67"),1145243777319092224,""2019-06-30T08:12:48.000Z"",9868,2074,During #MannKiBaat, talked about a book I have been reading and why in the midst of your busy schedules, you too must read and get rejuvenated. https://t.co/8s5n3JEdD9
ObjectId("5d1b2633a558932c46349e68"),1145243584725016576,""2019-06-30T08:12:02.000Z"",12755,2358,Four months, thousands of letters, mails and suggestions…

It has been a long time. 

I have missed #MannKiBaat and am glad we have once again connected through the radio. 

Here are some thoughts on the last four months. #MannKiBaat https://t.co/02DzJ3bCx6
ObjectId("5d1b2633a558932c46349e69"),1145242807977648128,""2019-06-30T08:08:57.000Z"",10980,1556,Glad to have met you, Prime Minister @leehsienloong. 

We will continue to work together to strengthen India-Singapore relations, especially in areas such as trade. https://t.co/1NEMymUxqs
ObjectId("5d1b2633a558932c46349e6a"),1145202792727896064,""2019-06-30T05:29:57.000Z"",20939,4671,Delight to connect again! Watch #MannKiBaat. https://t.co/nyU2AiuB4b
ObjectId("5d1b2633a558932c46349e6b"),1144986813448241158,""2019-06-29T15:11:43.000Z"",27861,4758,After four long months, #MannKiBaat is back to do what it has always loved- celebrate the power of positivity and the strengths of 130 crore Indians! 

Do tune in at 11 AM tomorrow morning! https://t.co/aVxLXGqeAh
ObjectId("5d1b2633a558932c46349e6c"),1144848986722861059,""2019-06-29T06:04:03.000Z"",15138,2297,Disasters, natural or manmade, require quick and effective remedial measures. They invariably affect the poor the most. At the #G20 Summit, invited other nations to join the International Coalition on Disaster Resilient Infrastructure. Let us close ranks for a safer planet.
ObjectId("5d1b2633a558932c46349e6d"),1144848980519444480,""2019-06-29T06:04:01.000Z"",26556,3702,At the 3rd session of the #G20, emphasised on healthcare including India’s traditional healing measures, Yoga and our present efforts like the world’s largest healthcare programme, Ayushman Bharat. https://t.co/3cCMkkDqH7
ObjectId("5d1b2633a558932c46349e6e"),1144848188198645760,""2019-06-29T06:00:52.000Z"",11200,1906,Had a wonderful meeting with PM @ScottMorrisonMP. The deliberations today will add vigour to India-Australia ties and lead to new areas of bilateral cooperation. https://t.co/qSIw3GxYFu
ObjectId("5d1b2633a558932c46349e6f"),1144847459924897798,""2019-06-29T05:57:59.000Z"",9661,1693,Productive meeting with President @RTErdogan. India considers Turkey a valued friend, with whom our relations are time tested. We discussed various avenues of India-Turkey cooperation and how we can improve ties in commerce and connectivity. https://t.co/H03uKFFmbS
ObjectId("5d1b2633a558932c46349e70"),1144846828946329600,""2019-06-29T05:55:28.000Z"",16980,1687,Hindistan- Turkiye işbirliginin pek cok yonunu degerlendirdik ve hem ticari baglarimizi helm de diger baglari nasil gelistirebilecegimizi konustuk.
ObjectId("5d1b2633a558932c46349e71"),1144846820687806464,""2019-06-29T05:55:26.000Z"",28579,2682,Cumhurbaskani @RTErdogan ile som derece verimli bir toplanti yaptik. Turkiye, Hindistan’ın degerli bir dostudur, iliskilerimiz sınanmıştır. https://t.co/03ter42sjQ
ObjectId("5d1b2633a558932c46349e72"),1144842199839805440,""2019-06-29T05:37:05.000Z"",20431,3213,At the #G20 Summit in Osaka, took part in a special session on empowerment of women. 

The session witnessed an in-depth dialogue on how to further women empowerment and work towards gender equality. https://t.co/UghT73nnSW
ObjectId("5d1b2633a558932c46349e73"),1144822260319920128,""2019-06-29T04:17:51.000Z"",80214,10229,Mate, I’m stoked about the energy of our bilateral relationship! @ScottMorrisonMP https://t.co/RdvaWsqlwY
ObjectId("5d1b2633a558932c46349e74"),1144807866953428997,""2019-06-29T03:20:39.000Z"",16800,2663,Happy to have met President @jairbolsonaro of Brazil. India and Brazil are cooperating extensively and working together in various global forums. Building on this, we seek to further diversify economic and cultural relations with Brazil. https://t.co/qYm4DsHULb
ObjectId("5d1b2633a558932c46349e75"),1144807431504969728,""2019-06-29T03:18:55.000Z"",15038,2764,Feliz por ter conhecido o Presidente @jairbolsonaro do Brasil. Índia e Brasil estão cooperando extensivamente e trabalhando juntos em vários fóruns globais. Com base nisso, buscamos diversificar ainda mais as relações econômicas e culturais com o Brasil. https://t.co/xSZykDou6O
ObjectId("5d1b2633a558932c46349e76"),1144805734061764609,""2019-06-29T03:12:11.000Z"",10939,1789,Excellent meeting with President @jokowi, where we reviewed all aspects of India-Indonesia ties. 

Looking forward to increasing maritime cooperation, more trade and stronger people-to-people linkages with Indonesia. https://t.co/mYfzfHutXh
ObjectId("5d1b2633a558932c46349e77"),1144805423242813440,""2019-06-29T03:10:57.000Z"",16943,2662,Pertemuan istimewa dengan Presiden @jokowi, di mana kami meninjau semua aspek hubungan India-Indonesia.

Melihat ke depan untuk meningkatkan kerja sama maritim, terutama perdagangan dan hubungan antar manusia dengan Indonesia yang lebih kuat. https://t.co/Wymp65taXJ
ObjectId("5d1b2633a558932c46349e78"),1144593331705372672,""2019-06-28T13:08:10.000Z"",23429,3896,Friendly nations, futuristic outcomes. 

The RIC (Russia-India-China) meeting was an excellent forum to discuss ways to enhance multilateral cooperation between our nations and work to mitigate challenges being faced by our planet, most notably terrorism and climate change. https://t.co/LTljcPCTDW
ObjectId("5d1b2633a558932c46349e79"),1144530891420491777,""2019-06-28T09:00:03.000Z"",29005,4339,With #G20 leaders during the Summit in Osaka. https://t.co/iefxCRt8fE
ObjectId("5d1b2633a558932c46349e7a"),1144530741658673152,""2019-06-28T08:59:27.000Z"",20049,2059,Hatte ausführliche Diskussionen mit der Kanzlerin Frau Merkel. Es gibt einen großen Spielraum für noch engere Beziehungen zu Deutschland in Bereichen wie Technologie und Infrastruktur. Die Vertiefung der kulturen Beziehungen ist ebenfalls ein Schwerpunkt. https://t.co/A8Y68VnfuY
ObjectId("5d1b2633a558932c46349e7b"),1144530439702380545,""2019-06-28T08:58:15.000Z"",28347,3131,Had detailed discussions with Chancellor Merkel. 

There is immense scope for even stronger relations with Germany in areas such as technology and infrastructure. 

Deepening cultural ties is also a key focus area. https://t.co/cAT9ink2mz
ObjectId("5d1b2633a558932c46349e7c"),1144480927579426818,""2019-06-28T05:41:31.000Z"",13757,2833,It is always special to meet my good friend, President Moon Jae-in. He is extremely passionate about furthering friendship between India and the Republic of Korea. Today, we talked about various steps to enhance trade, economic and people-to-people relations. @moonriver365 https://t.co/N6bfD4zLxL
ObjectId("5d1b2633a558932c46349e7d"),1144480366905835520,""2019-06-28T05:39:17.000Z"",13952,3347,‘나의 좋은 친구’ 문재인 대통령님과의 만남은 제게 언제나 특별합니다. 인도-한국의 더욱 긴밀한 우호 관계 발전에 문재인 대통령님은 정말 열정적이십니다. 오늘 교역과 경제, 민간 교류를 강화하기 위한 다양한 조치에 대해 함께 논의했습니다. @moonriver365 https://t.co/0du4y2rXD3
ObjectId("5d1b2633a558932c46349e7e"),1144473374162219008,""2019-06-28T05:11:30.000Z"",21970,4538,Met Crown Prince Mohammed bin Salman. We reviewed the full range of relations between India and Saudi Arabia. Our talks today will add great strength to bilateral ties between our nations. https://t.co/N15PFEUZgR
ObjectId("5d1b2633a558932c46349e7f"),1144472702473793544,""2019-06-28T05:08:50.000Z"",14316,3315,لقاء مع ولي العهد السعودي محمد بن سلمان.استعرضنا سويا مجمل العلاقات بين الهند والسعودية. محادتاثنا اليوم سوف تزيد من قوة و متانة العلاقات الثنائية بين بلدينا. https://t.co/a1HK61Kl9t
ObjectId("5d1b2633a558932c46349e80"),1144463005935001600,""2019-06-28T04:30:18.000Z"",17049,2930,The BRICS family comes together yet again! 

Delighted to meet BRICS leaders. Shared my thoughts on the importance of access to energy and energy security, making WTO mechanisms stronger and fighting protectionism and close cooperation to eliminate forces of terror. https://t.co/erDRW6w3SG
ObjectId("5d1b2633a558932c46349e81"),1144455839593271298,""2019-06-28T04:01:49.000Z"",16055,3266,The talks with @POTUS were wide ranging. We discussed ways to leverage the power of technology, improve defence and security ties as well as issues relating to trade. 

India stands committed to further deepen economic and cultural relations with USA. @realDonaldTrump https://t.co/tdJ8WbnA7n
ObjectId("5d1b2633a558932c46349e82"),1144417374059163649,""2019-06-28T01:28:58.000Z"",27013,5698,Today’s meeting of the JAI Trilateral was a productive one. We had extensive discussions on the Indo-Pacific region, improving connectivity and infrastructure development.  

Grateful to PM @AbeShinzo and President @realDonaldTrump for sharing their views as well. https://t.co/FruUecBySB
ObjectId("5d1b2633a558932c46349e83"),1144388008885420033,""2019-06-27T23:32:17.000Z"",39644,5804,Remembering Shri PV Narasimha Rao Ji on his birth anniversary. A great scholar and veteran administrator, he led the nation at a crucial juncture of our history. He will be remembered for taking pioneering steps that contributed to national progress.
ObjectId("5d1b2633a558932c46349e84"),1144254358625951745,""2019-06-27T14:41:12.000Z"",18218,3385,Outcome of the 2019 Lok Sabha polls has caused immense happiness among the Indian diaspora. 

At the community programme, I asked those who had gathered- the win in 2019 is whose win?
They promptly replied- it is a win for honesty. 

Their answer was very pleasing. https://t.co/nEQbTdikQI
ObjectId("5d1b2633a558932c46349e85"),1144253784866140160,""2019-06-27T14:38:56.000Z"",16147,2844,Do you know what connects Mahatma Gandhi and Japan? 

Find out in this video. https://t.co/7tc4IcU6XM
ObjectId("5d1b2633a558932c46349e86"),1144253690225799170,""2019-06-27T14:38:33.000Z"",13706,2265,Had a wonderful community programme in Kobe. 

Interacting with the Indian diaspora is always special. 

Here are some glimpses. https://t.co/m2OHLwQjWT
ObjectId("5d1b2633a558932c46349e87"),1144191998326239232,""2019-06-27T10:33:25.000Z"",18898,3756,Wonderful evening with the Indian community in Japan. Watch. https://t.co/Ha5FJ0TYsv
ObjectId("5d1b2633a558932c46349e88"),1144169261532758016,""2019-06-27T09:03:04.000Z"",22037,3671,Began the series of interactions in Osaka with an excellent meeting with my friend, PM @AbeShinzo. 

Our talks covered the full range of India-Japan relations. 

Extensive cooperation between India and Japan augurs well for the citizens of our countries and the entire world. https://t.co/GgnjtYV7Wt
ObjectId("5d1b2633a558932c46349e89"),1144168661772427264,""2019-06-27T09:00:41.000Z"",23814,5547,大阪では、私の友人である安倍首相と素晴らしい会談を行いました。私たちは日印関係に関わる様々なテーマについて話し合いました。広範囲にわたる日印間の協力関係は日本とインドの国民を始め、世界中の人々の繁栄に貢献することを期待しております。@AbeShinzo https://t.co/bkrO9vc2y1
ObjectId("5d1b2633a558932c46349e8a"),1144042531987922944,""2019-06-27T00:39:29.000Z"",42232,5154,Reached Osaka to join the #G20 Summit. 

Grateful to the dynamic Indian community for the warm welcome! https://t.co/BrPkl9VJqJ
ObjectId("5d1b2633a558932c46349e8b"),1144041786056167424,""2019-06-27T00:36:31.000Z"",13985,2722,Democracy is not merely a system of governance for us. 

Democracy is in India’s ethos for centuries. A democratic temperament is a part of our culture. https://t.co/5hLd1tJBET
ObjectId("5d1b2633a558932c46349e8c"),1144041531487092736,""2019-06-27T00:35:31.000Z"",22628,4144,The manner in which elections are held in India is admired globally. 

We should be proud of our electoral system instead of blaming EVMs. 

Polls come and go, democracy remains and it must be strengthened instead of being discredited. https://t.co/FiHOAN6bfJ
ObjectId("5d1b2633a558932c46349e8d"),1144041206474653696,""2019-06-27T00:34:13.000Z"",13265,2683,New India stands for hope, aspiration and inclusive development. 

New India stands for pro-people and corruption-free governance. https://t.co/y2cjrCR2WP
ObjectId("5d1b2633a558932c46349e8e"),1143901941392478208,""2019-06-26T15:20:50.000Z"",23442,3945,Will be participating in the #G20 Summit in Osaka, Japan. Various global issues including women empowerment, technology and achieving SDGs will be discussed.  There would also be meetings with world leaders. https://t.co/shWleRmqYQ
ObjectId("5d1b2633a558932c46349e8f"),1143798971837534208,""2019-06-26T08:31:40.000Z"",22849,5003,Speaking in the Rajya Sabha https://t.co/1zcKaIxKRr
ObjectId("5d1b2633a558932c46349e90"),1143713971771363328,""2019-06-26T02:53:54.000Z"",29883,3144,Birthday greetings to our youthful and dedicated Cabinet Minister, Shri Dharmendra Pradhan. Since the last five years, he’s been steadfastly working towards transforming key sectors like petroleum, skill development and steel. I pray for his long and healthy life. @dpradhanbjp
ObjectId("5d1b2633a558932c46349e91"),1143549946152574976,""2019-06-25T16:02:07.000Z"",20745,4099,For all these years, we have rightly focused on the Rights given to us by our Constitution. 

Let us also think about the Duties enshrined in our Constitution and perform those duties as proud citizens of India. https://t.co/6YFRxFhBnZ
ObjectId("5d1b2633a558932c46349e92"),1143529980921442305,""2019-06-25T14:42:47.000Z"",15153,3378,So busy were they with delusions of soaring high that they forgot to remain rooted to the ground. 

So busy were they ‘soaring’ that they thought anyone on the ground is lowly and dirty. 

We have no such desire to soar. We are happy grounded, rooted and with our people. https://t.co/m3pAKSraNe
ObjectId("5d1b2633a558932c46349e93"),1143528753345130497,""2019-06-25T14:37:55.000Z"",10640,2492,Here is a glimpse of our belief and convictions- that every Indian has a role to play in the making of the nation. https://t.co/m9hxdDtWcD
ObjectId("5d1b2633a558932c46349e94"),1143528651092140032,""2019-06-25T14:37:30.000Z"",12289,2939,Our dream:

More investment in India.

More opportunities for Indians.

Making India a five trillion dollar economy. https://t.co/GlpOU9KlfP
ObjectId("5d1b2633a558932c46349e95"),1143528416974475265,""2019-06-25T14:36:34.000Z"",26206,5600,जब हौसला बना लिया ऊंची उड़ान का,
फिर देखना फिजूल है कद आसमान का…

तीन सप्ताह हुए सरकार बने, इस दौरान जनहित में अनेक फैसले लिए गए हैं। https://t.co/nKRmPiWudw
ObjectId("5d1b2633a558932c46349e96"),1143528357964865536,""2019-06-25T14:36:20.000Z"",40004,8203,कुछ लोगों ने बड़े नारे बुलवाए – किसने किया, किसने किया।

25 जून 1975 – किसने किया?

लोकतंत्र का गला घोंटा गया – किसने किया?

मीडिया पर प्रतिबंध लगाए गए - किसने किया? 

अदालतों का अपमान हुआ - किसने किया? https://t.co/zUoSY5e0o9
ObjectId("5d1b2633a558932c46349e97"),1143528273202204672,""2019-06-25T14:36:00.000Z"",16309,3246,भारत के लिए गर्व की बात है कि हमारा मतदाता कितना जागरूक है।

हमारा मतदाता अपने से ज्यादा देश के बारे में सोचता है। https://t.co/yqqLlaTSMC
ObjectId("5d1b2633a558932c46349e98"),1143483751512473601,""2019-06-25T11:39:05.000Z"",24956,6200,Replying to 'Motion Of Thanks On the President's Address' in Lok Sabha https://t.co/oXpl0TMDOg
ObjectId("5d1b2633a558932c46349e99"),1143434937011298304,""2019-06-25T08:25:07.000Z"",23606,3469,परम पूज्य स्वामी सत्यमित्रानंद गिरि जी महाराज के निधन की खबर से बहुत दुःख हुआ। वे सच्चे पथ-प्रदर्शक, गहन तपस्वी होने के साथ ज्ञान और आध्यात्मिक चेतना के प्रतीक थे। मेरा सौभाग्य है कि मुझे उनका आशीर्वाद मिला। उनका जीवन हमें नि:स्वार्थ भाव से समाज सेवा की प्रेरणा देता है। https://t.co/cSKrtXHPKO
ObjectId("5d1b2633a558932c46349e9a"),1143401481124503552,""2019-06-25T06:12:11.000Z"",19209,2915,Swami Satyamitranand Giri Ji epitomised spirituality and wisdom. He devoted his life towards empowering the poor, marginalised and downtrodden. He was extremely proud of India’s rich history and culture. My tributes to this divine soul. Om Shanti.
ObjectId("5d1b2633a558932c46349e9b"),1143362212335144960,""2019-06-25T03:36:08.000Z"",35962,9072,India salutes all those greats who fiercely and fearlessly resisted the Emergency. 

India’s democratic ethos successfully prevailed over an authoritarian mindset. https://t.co/vUS6HYPbT5
ObjectId("5d1b2633a558932c46349e9c"),1143355331751362560,""2019-06-25T03:08:48.000Z"",24523,3085,These initiatives have seen record investment, speed, use of technology &amp; public participation. We are committed to further improving urban infrastructure. No stone will be left unturned to fulfil the dream of ‘Housing for All’, which will give wings to crores of aspirations.
ObjectId("5d1b2633a558932c46349e9d"),1143355329423523840,""2019-06-25T03:08:47.000Z"",32990,4186,Four years ago, today we started important initiatives PM Awas Yojana (U), AMRUT, Smart Cities with the aim of #TransformingUrbanLandscape in India. 

These initiatives have not only helped usher in a new paradigm of urban development but have also transformed crores of lives.
ObjectId("5d1b2633a558932c46349e9e"),1143168464607043589,""2019-06-24T14:46:15.000Z"",30046,4062,The passing away of Shri Madanlal Saini Ji is a major loss for the BJP family. He contributed to strengthening the Party in Rajasthan. He was widely respected for his congenial nature and community service efforts. My thoughts are with his family and supporters. Om Shanti.
ObjectId("5d1b2633a558932c46349e9f"),1142769301415432192,""2019-06-23T12:20:07.000Z"",67877,7904,Exceptional game, excellent outcome! 

Congratulations to our team for winning the Women's FIH Series Finals hockey tournament. 

This stupendous victory will further popularise hockey and also inspire many young girls to excel in the sport.
ObjectId("5d1b2633a558932c46349ea0"),1142659870027636737,""2019-06-23T05:05:17.000Z"",50298,7072,Remembering Dr. Syama Prasad Mookerjee on his Balidan Divas. A devout patriot and proud nationalist, Dr. Mookerjee devoted his life for India’s unity and integrity. His passion for a strong and united India continues to inspire us and gives us strength to serve 130 crore Indians.
ObjectId("5d1b2633a558932c46349ea1"),1142453099950419970,""2019-06-22T15:23:39.000Z"",30802,4563,Had a fruitful interaction with economists and other experts on the themes of macro-economy and employment, agriculture and water resources, exports, education, and health. 

The inputs received were insightful and will benefit our growth trajectory. https://t.co/AXW7oXCHlm
ObjectId("5d1b2633a558932c46349ea2"),1142381978064490498,""2019-06-22T10:41:02.000Z"",7656,1167,日本ヨーガニケタンは40年近く前から、日本国内におけるヨガ普及活動に熱心に取り組んできました。また、ヨガ指導者数の増加にも貢献してきました。ヨーガニケタンが発行したヨガ関連書籍は広く普及し、深く尊敬されています。#YogaDay2019
ObjectId("5d1b2633a558932c46349ea3"),1142381769007804416,""2019-06-22T10:40:12.000Z"",12727,1445,Mi congratulo con la Sig.ra Antonietta Rozzi anche per il lavoro eccezionale svolto attraverso il Sarva Yoga International. La Sig.ra ha anche promosso studi accademici inerenti allo Yoga. #YogaDay2019
ObjectId("5d1b2633a558932c46349ea4"),1142381766969348097,""2019-06-22T10:40:12.000Z"",17346,1882,Mi congratulo con la Sig.ra Antonietta Rozzi per aver ricevuto il Premio del Primo Ministro per l’eccezionale contributo alla Promozione ed allo Sviluppo dello Yoga 2019. Da oltre 4 decenni, pratica e diffonde lo Yoga in tutta l’Europa. #YogaDay2019
ObjectId("5d1b2633a558932c46349ea5"),1142313642165075969,""2019-06-22T06:09:30.000Z"",8841,1254,Originaire de Limbdi du Gujarat, 
Swami Rajarshi Muni a fait des efforts remarquables pour propager le Yoga. En particulier, il a fondé la Mission LIFE est s’est associé avec l’université Lakulish Yoga, qui forme des étudiants à exceller en yoga.
ObjectId("5d1b2633a558932c46349ea6"),1142313179625603073,""2019-06-22T06:07:39.000Z"",6875,1081,Swami Rajarshi Muni, de Limbdi, Gujarat, ha realizado notables esfuerzos para difundir el yoga. Cabe destacar su trabajo en la Misión LIFE y la Universidad Lakulish Yoga que enseña a los estudiantes a sobresalir en yoga. Su compromiso al servicio social también es extraordinario.
ObjectId("5d1b2633a558932c46349ea7"),1142312095284748288,""2019-06-22T06:03:21.000Z"",10798,1947,Taking Yoga to all parts of the world! 

Founded in 1980, the Japan Yoga Niketan has popularised Yoga across Japan. It runs many Yoga training institutes and courses. 

They have been able to draw people from all sections of Japanese society. Congratulations to them! #YogaDay2019
ObjectId("5d1b2633a558932c46349ea8"),1142311909707747329,""2019-06-22T06:02:37.000Z"",6721,1444,Founded by Sri Swami Satyananda Saraswati, the Bihar School of Yoga, Munger has been actively working for over 50 years. They merge ancient wisdom with modern trends with an aim to improve fitness.

Their Yoga programmes and publications are widely popular. #YogaDay2019
ObjectId("5d1b2633a558932c46349ea9"),1142311585471270913,""2019-06-22T06:01:19.000Z"",5894,1169,Exceptional devotion, notable contribution. 

Ms. Antonietta Rozzi belongs to Italy and has been practising Yoga for over 4 decades. She founded the Sarva Yoga International and popularised Yoga across Europe. 

We are proud of dedicated individuals like her! #YogaDay2019
ObjectId("5d1b2633a558932c46349eaa"),1142311327005696006,""2019-06-22T06:00:18.000Z"",7429,1433,Hailing from Gujarat’s Limbdi, Swami Rajarshi Muni has made remarkable efforts to spread Yoga. Most notably, he founded the LIFE Mission and is associated with Lakulish Yoga University that mentors students to excel in Yoga. 

His commitment to social service is also outstanding.
ObjectId("5d1b2633a558932c46349eab"),1142311078287704065,""2019-06-22T05:59:18.000Z"",12412,2007,Congratulations to those who have been conferred the Prime Minister’s Awards for Outstanding Contribution for Promotion and Development of Yoga -2019. 

We are immensely proud of their rich work to ensure more people embrace Yoga and our planet becomes healthier. #YogaDay2019
ObjectId("5d1b2633a558932c46349eac"),1142310026091982848,""2019-06-22T05:55:07.000Z"",6114,946,¡Llevando el yoga a todos los rincones del mundo! 

Fundada en 1980, el Japan Yoga Niketan ha popularzado el yoga por todo Japón a través de sus  institutos y cursos de formación de yoga.

Han atraído a gente de todos los sectores de la sociedad japonesa.

¡Muchas felicidades!
ObjectId("5d1b2633a558932c46349ead"),1142310024644923392,""2019-06-22T05:55:07.000Z"",995,231,La Escuela Bihar de Yoga en Munger, fundada por Swami Satyananda Saraswati, lleva trabajando más de 50 años. Ha conseguido una fusión perfecta entre sabiduría milenaria y tendencias modernas para mejorar la forma física. 

Sus programas y publicaciones de yoga son muy populares
ObjectId("5d1b2633a558932c46349eae"),1142310023168548864,""2019-06-22T05:55:07.000Z"",491,144,Devoción excepcional, notable contribución. 

La Sra. Antonietta Rozzi es de Italia y lleva practicando yoga desde hace más de 4 décadas. Fundó Sarva Yoga International y ha popularizado el yoga por toda Europa. 

¡Estamos orgullosos de las personas dedicadas como ella!
ObjectId("5d1b2633a558932c46349eaf"),1142310018873622528,""2019-06-22T05:55:06.000Z"",8955,1350,Felicidades a todos aquellos que han recibido el Premio del Primer Ministro por su Contribución Extraordinaria a la Promoción y Desarrollo del Yoga 2019. Estamos orgullosos de su gran trabajo en asegurar que más gente se abra al yoga y que nuestro planeta sea más saludable
ObjectId("5d1b2633a558932c46349eb0"),1142309611732516864,""2019-06-22T05:53:29.000Z"",4686,894,Донести йогу в каждый уголок мира!

Основанная в 1980 году, организация Japan Yoga Niketan популяризировала йогу по всей Японии. Она проводит много учебных программ и курсов по занятиям йогой.
Они смогли привлечь людей из всех слоев общества Японии.

Поздравляем их!
ObjectId("5d1b2633a558932c46349eb1"),1142309519759794176,""2019-06-22T05:53:07.000Z"",8405,991,Их программы йоги и публикации пользуются широкой популярностью.
ObjectId("5d1b2633a558932c46349eb2"),1142309518325379073,""2019-06-22T05:53:06.000Z"",10733,1323,Бихарская школа йоги, основанная г-ном Свами Сатьянандой Сарасвати в г. Мунгере, активно работает уже более 50 лет. Здесь прекрасным образом сочетают древнюю мудрость с современными трендами с целью улучшения физического состояния.
ObjectId("5d1b2633a558932c46349eb3"),1142309434518933504,""2019-06-22T05:52:46.000Z"",4220,842,Исключительная преданность, значимый вклад.

Г-жа Антониетта Роцци, уроженка Италии, занимается йогой более 40 лет. Она основала сообщество Sarva Yoga International и популяризировала йогу по всей Европе.

Мы гордимся такими преданными своему делу людьми, как она!
ObjectId("5d1b2633a558932c46349eb4"),1142309354000900096,""2019-06-22T05:52:27.000Z"",4695,754,В частности, он основал миссию LIFE и работает совместно с Университетом Лакулиш Йоги (Lakulish Yoga University), который помогает студентам достичь высоких результатов в йоге.

Его стремление к осуществлению общественной деятельности также вызывает восхищение.
ObjectId("5d1b2633a558932c46349eb5"),1142309352662941696,""2019-06-22T05:52:27.000Z"",5599,893,Свами Раджашри Муни, родом из Лимбди штата Гуджарат, приложил значительные усилия для распространения йоги.
ObjectId("5d1b2633a558932c46349eb6"),1142309209599442945,""2019-06-22T05:51:53.000Z"",7674,914,Мы чрезвычайно гордимся их плодотворной работой по обеспечению условий для того, чтобы больше людей во всем мире приобщились к йоге, и наша планета стала более здоровой.
