_id,id,created_at,favorite_count,retweet_count,tweet:text
ObjectId("5d1b2671a558932c46349eba"),1145549279626289152,""2019-07-01T04:26:46.000Z"",1136,247,I've designed a free 2 month curriculum to help anyone learn Natural Language Processing! It covers everything from text cleaning to the latest research in sequence modeling &amp; the goal is to enable you to find work or start a startup related to NLP https://t.co/ibgiPHCR8K
ObjectId("5d1b2671a558932c46349ebb"),1145097853737373696,""2019-06-29T22:32:57.000Z"",632,87,I'm building an app called Healthpass, a secure cloud store for your health records. It uses a blockchain as a security layer, Node.js, Firebase (storage), Stripe, Paypal (payments), Tesserect.js (optical char rec), BioBERT (Keyword rec), i'll release code &amp; video in a few days! https://t.co/uXtOOhSp3l
ObjectId("5d1b2671a558932c46349ebc"),1145026930330103808,""2019-06-29T17:51:08.000Z"",3,0,@christinawunder @SchoolOfAIOffic great work!
ObjectId("5d1b2671a558932c46349ebd"),1144400101722300419,""2019-06-28T00:20:20.000Z"",29,4,@MIT_CSAIL input times weight add bias activate #DeepLearningin6Words
ObjectId("5d1b2671a558932c46349ebe"),1144320314718900224,""2019-06-27T19:03:18.000Z"",585,50,What will your contribution be? https://t.co/oUA7kLiIxk
ObjectId("5d1b2671a558932c46349ebf"),1143971508647161856,""2019-06-26T19:57:16.000Z"",0,8,RT @SchoolOfAIOffic: Our 2019 Fellowship is officially underway. Learn more about our program and get to know our Fellows! https://t.co/NFE…
ObjectId("5d1b2671a558932c46349ec0"),1143928452480823297,""2019-06-26T17:06:10.000Z"",508,57,My 7 values: Selfless Service, Practice Yoga (discipline body, speech, &amp; mind) , Data Driven Optimism, Rapid Experimentation, Embrace the Weird, Inspire &amp; Educate, Choose Happiness.
ObjectId("5d1b2671a558932c46349ec1"),1143919977340162049,""2019-06-26T16:32:30.000Z"",240,18,It’s time to step up your math skills - let me show you how. https://t.co/fM8hdMTcin https://t.co/Nq92qfcQzx
ObjectId("5d1b2671a558932c46349ec2"),1143597690472689664,""2019-06-25T19:11:51.000Z"",0,16,RT @SchoolOfAIOffic: Shout out to our São Paulo chapter - through their hustle and successful crowd funding campaign, they were able to buy…
ObjectId("5d1b2671a558932c46349ec3"),1143571851370627072,""2019-06-25T17:29:10.000Z"",1092,126,"If I were to start a company today, the goal would be to teach computers how to read so that they can understand all the written knowledge of the world" - @BillGates, 2019. On that note, i'm working on a free natural language processing curriculum, i'll release it next week!
ObjectId("5d1b2671a558932c46349ec4"),1143051559703478276,""2019-06-24T07:01:43.000Z"",4578,171,I was impressed by the output of a language model on medical Q&amp;A data and saw the possibility of using it as a diagnostic tool for the underserved. In this video, i'll explain the various tools I used to build this app and ways you can make money from it https://t.co/z7KQuBLhJv
ObjectId("5d1b2671a558932c46349ec5"),1141495893591330816,""2019-06-20T00:00:03.000Z"",157,23,I'm going to Tanzania on July 2-9 for a special project. If you live there, DM me on twitter and we'll meet. If you know someone who lives there, connect me with them!
ObjectId("5d1b2671a558932c46349ec6"),1141466850666008576,""2019-06-19T22:04:39.000Z"",521,77,Every subject is much easier to learn than people who want to make money teaching it would have you know. For every subject that can be systematized, there exists a systematization that allows you to get 80% of the knowledge with 20% of the effort.
ObjectId("5d1b2671a558932c46349ec7"),1141091094236545024,""2019-06-18T21:11:31.000Z"",25,1,@AntoineMath_AI I'm not turning these ideas into businesses, i'm open sourcing them so you can turn it into your own business.
ObjectId("5d1b2671a558932c46349ec8"),1141032241914470400,""2019-06-18T17:17:40.000Z"",442,59,I'm building an app called Dr Source, an on-demand automated medical diagnosis &amp; treatment plan for the under-served. It uses a newer model called "BioBERT" trained on 700K Q&amp;As from HealthTap &amp; PubMed. Code &amp; video tutorial drop next week! BERT rap included https://t.co/c8UFNmCc4i
ObjectId("5d1b2671a558932c46349ec9"),1141029580242739200,""2019-06-18T17:07:05.000Z"",89,7,@fchollet I respectfully disagree on this one Francois, but we'll have to see how it plays out. Facebook has an opportunity to bank the millions of unbanked people in the world, i hope they don't squander it
ObjectId("5d1b2671a558932c46349eca"),1140811740872974336,""2019-06-18T02:41:28.000Z"",4263,202,It was fun building this healthcare app w/ Flutter! I used PoseNet for pose detection, Text to Speech for dialogue, Stripe &amp; RazorPay for subscription payments, and Firebase for user authentication. I'll demo it and explain how I built it in this tutorial! https://t.co/P2ZIYrGNOi
ObjectId("5d1b2671a558932c46349ecb"),1140713078264221696,""2019-06-17T20:09:25.000Z"",497,69,Don't forget that YOU have the power to create your own future. What will yours be? 🧠 https://t.co/u60Yku1dbP
ObjectId("5d1b2671a558932c46349ecc"),1140340831414452224,""2019-06-16T19:30:15.000Z"",13,2,@CShorten30 @bryan_johnson Yes! It's out on 7 podcasting platforms, you can find those links here https://t.co/W7zvYExoOS
ObjectId("5d1b2671a558932c46349ecd"),1139669912236912641,""2019-06-14T23:04:15.000Z"",637,71,I'm building a Flutter app named Macy - your personal Yoga instructor. The app uses PoseNet + transfer learning to detect proper form, and speech generation to guide you. I'll release the source code &amp; video tutorial in 4 days! I'm going to rap about Flutter widget trees in it https://t.co/w8Dm5lBWxL
ObjectId("5d1b2671a558932c46349ece"),1139348791704707072,""2019-06-14T01:48:14.000Z"",551,107,“If you want to understand the secrets of the universe, think in terms of energy, frequency and vibration.” - Nikola Tesla
ObjectId("5d1b2671a558932c46349ecf"),1139275627368812544,""2019-06-13T20:57:30.000Z"",1,0,@markodraisma one of the most impactful solutions we could make is a DNA processor, it'd be faster and consume much less power. We've got to work in that direction
ObjectId("5d1b2671a558932c46349ed0"),1139017034644185088,""2019-06-13T03:49:57.000Z"",273,53,Transfer Learning has revolutionized both Computer Vision &amp; Natural Language Processing. In this episode I'll explain why it's such a big deal and we'll use transfer learning to repurpose an image classifier to detect instances of gold in geospatial data! https://t.co/OJyrC6iOSt
ObjectId("5d1b2671a558932c46349ed1"),1138897397751304193,""2019-06-12T19:54:33.000Z"",0,0,@xerox_04 i'm not allowed to reveal his identity
ObjectId("5d1b2671a558932c46349ed2"),1138894959925288960,""2019-06-12T19:44:52.000Z"",273,30,#DevLife https://t.co/4uGPaHWRCc
ObjectId("5d1b2671a558932c46349ed3"),1138554782296133632,""2019-06-11T21:13:08.000Z"",526,95,Kids have minds that are designed to learn &amp; adults have minds designed to perform. Be like a kid when learning; open, curious, playful, pursuing the topics that most spark joy, but maintain the patience &amp; self-discipline earned through maturity.
ObjectId("5d1b2671a558932c46349ed4"),1138475947269607424,""2019-06-11T15:59:52.000Z"",0,13,RT @Space_Mog: I am so excited to announce our machine learning for astronomy and astrophysics workshop this winter at @esa led by one of t…
ObjectId("5d1b2671a558932c46349ed5"),1138089442286002176,""2019-06-10T14:24:02.000Z"",1,0,@ChanceHerriage @Iamvinayvemuri i'm on it, will do this week
ObjectId("5d1b2671a558932c46349ed6"),1137980034264600576,""2019-06-10T07:09:17.000Z"",412,45,Hello World, I just started a podcast! Meet my first guest, @bryan_johnson (entrepreneur &amp; venture capitalist). We cover AI, Biology, Data Science, consciousness, neural interfaces, business, &amp; more in this conversation. https://t.co/gr8z7a95ti
ObjectId("5d1b2671a558932c46349ed7"),1137196854402150406,""2019-06-08T03:17:12.000Z"",4,0,@jonidimo you are close, the answer is related to your question
ObjectId("5d1b2671a558932c46349ed8"),1137125359634149377,""2019-06-07T22:33:07.000Z"",7,0,@rancidbabysick Lmao
ObjectId("5d1b2671a558932c46349ed9"),1137100644953706497,""2019-06-07T20:54:54.000Z"",2,0,@MatthewM129 surprisingly no
ObjectId("5d1b2671a558932c46349eda"),1137083550191144960,""2019-06-07T19:46:59.000Z"",426,7,I just conducted my first podcast interview with a very special guest and I’ll release it in a few days. Can you guess who it is? I’ll retweet your answer if you’re correct!
ObjectId("5d1b2671a558932c46349edb"),1136706045764444161,""2019-06-06T18:46:54.000Z"",613,118,Self education is key🔥 https://t.co/CKGtsKwYJI
ObjectId("5d1b2671a558932c46349edc"),1136459564830736385,""2019-06-06T02:27:29.000Z"",2209,104,Talking machine learning with @AndrewYNg is a Wednesday evening well spent https://t.co/b4znlxDRkI
ObjectId("5d1b2671a558932c46349edd"),1136415701852229632,""2019-06-05T23:33:11.000Z"",1463,136,I'm an AI Educator, Computer Scientist, and Founder of the School of AI. I'd love to help you and your business with a corporate technology training, create a custom video for you, or to come speak at your next event. Interested? Get more info here: https://t.co/1Pw808a6yE https://t.co/rQ4F2xfhVH
ObjectId("5d1b2671a558932c46349ede"),1136339677621891072,""2019-06-05T18:31:05.000Z"",161,8,A huge thank you to everyone who participated in the #AIStartupChallenge. I was incredibly impressed with all of your ideas and I hope that you are still pursuing them even if you did not win the challenge this time around.
ObjectId("5d1b2671a558932c46349edf"),1136339431651139584,""2019-06-05T18:30:07.000Z"",80,13,Proud to announce our #AIStartupChallenge winner...

Anton Slutsky &amp; his Philadelphia-based Intelligent Automation Designs firm, Zelant Software! They created a B2B solution to help businesses monetize data resources. Congratulations! https://t.co/NafmtDMkWK
ObjectId("5d1b2671a558932c46349ee0"),1135420915326472192,""2019-06-03T05:40:15.000Z"",603,109,Mathematics can seem daunting to beginners, so I've created a 10 step process that anyone can use to understand any math equation! I'll explain each step, then we'll use my process to understand a simple language model capable of generating text. https://t.co/fM8hdMTcin
ObjectId("5d1b2671a558932c46349ee1"),1134861914587066368,""2019-06-01T16:38:59.000Z"",2586,89,Today I turned 28 years old! I am blessed to be healthy, happy, and just a little bit wiser. I look forward to continuing to serve others by making as much high quality, free education as possible.
ObjectId("5d1b2671a558932c46349ee2"),1134540393675075585,""2019-05-31T19:21:23.000Z"",0,504,RT @iamtrask: After a year of work, I'm *very* excited to share a #beginner level @Udacity course on

- Differential #Privacy
- Federated L…
ObjectId("5d1b2671a558932c46349ee3"),1134211866790486016,""2019-05-30T21:35:56.000Z"",701,95,🔥 https://t.co/yWIQGtopaq
ObjectId("5d1b2671a558932c46349ee4"),1134181787406442496,""2019-05-30T19:36:24.000Z"",0,8,RT @IanHensel: Really enjoyed the latest @lexfridman interview with @sirajraval. I went from farmer to employed data scientist because I ha…
ObjectId("5d1b2671a558932c46349ee5"),1133893808519671809,""2019-05-30T00:32:05.000Z"",1,0,@StevenEiselen i appreciated it thank u
ObjectId("5d1b2671a558932c46349ee6"),1133805282348298240,""2019-05-29T18:40:19.000Z"",313,49,How will you be of service today? 
#WednesdayWisdom #quoteoftheday https://t.co/fXZ9LUI8Wf
ObjectId("5d1b2671a558932c46349ee7"),1133448043267706880,""2019-05-28T19:00:46.000Z"",5,2,@saadmrb @lexfridman the vision is to evolve ourselves using neural interface tech + AI into higher states of consciousness that we can't even imagine today
ObjectId("5d1b2671a558932c46349ee8"),1133427903704707072,""2019-05-28T17:40:44.000Z"",359,39,It was a pleasure speaking to my friend @lexfridman on his podcast! I revealed more about myself here than in any other conversation so far. Worth a watch! https://t.co/GNqI61tJOn
ObjectId("5d1b2671a558932c46349ee9"),1133404221150117888,""2019-05-28T16:06:38.000Z"",48,1,@DeepMindAI @ToniCreswell @dgbarrett This is what I needed to see, ily deepmind ❤️
ObjectId("5d1b2671a558932c46349eea"),1133398738238550018,""2019-05-28T15:44:51.000Z"",2,0,@NJinXu @VergeGenomics One word - China
ObjectId("5d1b2671a558932c46349eeb"),1133322960293519360,""2019-05-28T10:43:44.000Z"",262,54,AI still suffers from 3 major limitations! It's vulnerable to adversarial examples, lacks causal reasoning, and needs to be made more explainable. I'm going to detail each of these limitations, then show you how you can earn money solving these https://t.co/qHQlijFKrI
ObjectId("5d1b2671a558932c46349eec"),1133179628984655873,""2019-05-28T01:14:11.000Z"",463,64,We are entering a new era of human evolution fueled by rapid advances in Artificial Intelligence. From deep learning for drug discovery to smart drones for wildlife preservation, the possibilities are truly limitless. Let’s build this future together, it’s ours to create! https://t.co/rQZFtsJn89
ObjectId("5d1b2671a558932c46349eed"),1133173163947364352,""2019-05-28T00:48:30.000Z"",3,0,@faizanahmad05 @apolmig @elonmusk lol everyone thinks it's neuralink, but my bet is on @KernelCo
ObjectId("5d1b2671a558932c46349eee"),1133172700300632065,""2019-05-28T00:46:39.000Z"",2,0,@NJinXu Right now it does but severals tens of millions of dollars are being invested into speeding up that process, @VergeGenomics for example. Also it could be made available outside the USA faster
ObjectId("5d1b2671a558932c46349eef"),1133073432768385024,""2019-05-27T18:12:12.000Z"",226,27,In 1997, IBM's 'Deep Blue' AI defeated Gary Kasparov, a Chess grandmaster. This was a significant milestone for AI. What is the 'Deep Blue' moment for human intelligence augmented by AI? My bet is that it's going to be in drug discovery and it'll happen in the next 5 years.
ObjectId("5d1b2671a558932c46349ef0"),1133050938485280770,""2019-05-27T16:42:49.000Z"",452,71,The future of education in the short term is freely accessible, accredited, world-class educational content across every discipline. In the long term, it's a noninvasive device that gives us write access to our brain, which we can use to download decades of knowledge instantly.
ObjectId("5d1b2671a558932c46349ef1"),1133032111772844033,""2019-05-27T15:28:00.000Z"",4,0,@luccaparisi Let me clarify — we’ll need to make those discoveries to enable those solutions, they don’t exist yet
ObjectId("5d1b2671a558932c46349ef2"),1132798922819117057,""2019-05-27T00:01:24.000Z"",275,19,Tomorrow I’ll release a video titled “The Limits of Artificial Intelligence”.
ObjectId("5d1b2671a558932c46349ef3"),1132747276886171648,""2019-05-26T20:36:10.000Z"",6,0,@twiecki Great point, we need an energy efficient, scalable alternative to the proof of work algorithm
ObjectId("5d1b2671a558932c46349ef4"),1132741216049815553,""2019-05-26T20:12:05.000Z"",133,21,We’re going to need government regulation to 1) Ensure tech monopolies optimize for human well-being, not attention 2) Reduce CO2 emissions (avoid climate catastrophe) 3) Provide a basic income to ensure the gains in automation benefit everyone, avoiding extreme income inequality
ObjectId("5d1b2671a558932c46349ef5"),1132740464375926785,""2019-05-26T20:09:06.000Z"",417,80,New discoveries in AI, Neuroscience, Genetics, Pharmacology, Materials Science, Crypto, Quantum Mech, &amp; Materials Science will enable us to engineer 1) Brain device for knowledge download 2) True VR 3) Faster computers (DNA+quantum) 4) robust encryption 5) cures for all diseases
ObjectId("5d1b2671a558932c46349ef6"),1132671390568603649,""2019-05-26T15:34:38.000Z"",170,26,We haven’t yet properly approximated the relationship between value generation and capital allocation. For example, some companies that pollute the environment get paid to do so. That’s why cryptocurrency fascinates me, it enables us to engineer novel incentive structures.
ObjectId("5d1b2671a558932c46349ef7"),1132456703511994370,""2019-05-26T01:21:32.000Z"",673,114,The more compassionate scientists, engineers, mathematicians, and technologists we have working for the betterment of humanity, the faster we’ll evolve. That means a more intelligent, introspective, thoughtful, cultured, curious, open minded, and kinder population.
ObjectId("5d1b2671a558932c46349ef8"),1130977057154854912,""2019-05-21T23:21:57.000Z"",621,49,Who else knows this feeling... 🔥 https://t.co/RRLe0eZyX3
ObjectId("5d1b2671a558932c46349ef9"),1130931010198286336,""2019-05-21T20:18:59.000Z"",0,3,RT @GoldspotD: Our team with @sirajraval at #CollisionConf! Come say hi to us at booth E233! https://t.co/a1ONjmw4BL
ObjectId("5d1b2671a558932c46349efa"),1130713710211809280,""2019-05-21T05:55:30.000Z"",4714,289,These are 10 techniques that I personally use to learn complex topics as fast as possible. Some of these, like cardio learning, i've never talked about publicly before. I hope you find it useful in your learning journey!    https://t.co/YLlrWisMsE
ObjectId("5d1b2671a558932c46349efb"),1130686390780481537,""2019-05-21T04:06:57.000Z"",2,0,@kate_wwy the link to the code for each video of mine is in the description on youtube
ObjectId("5d1b2671a558932c46349efc"),1130507897098473472,""2019-05-20T16:17:41.000Z"",545,29,In 24 hours I’ll release a video that details how I personally learn difficult topics in math and Science really fast. I can’t wait to share!
ObjectId("5d1b2671a558932c46349efd"),1130497587818012673,""2019-05-20T15:36:43.000Z"",1159,140,Just because I built an open source tool, does not mean it’s no longer a viable startup idea. It’s the execution, not the idea that matters the most. Rebrand my ideas and code as your own engineering solution to make a profitable business. I will rejoice in your success!
ObjectId("5d1b2671a558932c46349efe"),1130491240141582336,""2019-05-20T15:11:29.000Z"",4,0,@arthtyagi That’s perfect! Use my code as a base and build it! That’s the whole point
ObjectId("5d1b2671a558932c46349eff"),1130446517729316864,""2019-05-20T12:13:47.000Z"",1,0,@OliverMensahDev It still can be.
ObjectId("5d1b2671a558932c46349f00"),1130355834699968514,""2019-05-20T06:13:26.000Z"",389,80,EssayBrain is an open source tool that I built to automatically grade &amp; validate student essays. It uses a language model to discern whether a document was created by an AI or a human &amp; also assigns it a quality score. I'll explain how it works here!  https://t.co/l8tIRYAjPY
ObjectId("5d1b2671a558932c46349f01"),1129199237105823744,""2019-05-17T01:37:32.000Z"",0,8223,RT @JamesClear: The ultimate list of biohacks and smart drugs:

-Drink more water
-Get 8 hours of sleep
-Walk outside in the sun
-Leave you…
ObjectId("5d1b2671a558932c46349f02"),1129125694892531712,""2019-05-16T20:45:18.000Z"",735,74,I'm working on a tool for teachers that automatically grades essays using modified versions of popular language models, specifically BERT and GPT-2. Expect a video tutorial + demo in 5 days titled "Watch Me Build an Education Startup"!
ObjectId("5d1b2671a558932c46349f03"),1129060780370882561,""2019-05-16T16:27:21.000Z"",3,0,@dkotschessa @Mpanga96 @HEPfeickert I changed the title to learn physics fast lol thanks
ObjectId("5d1b2671a558932c46349f04"),1129048564846551040,""2019-05-16T15:38:49.000Z"",230,22,If you don’t know, now you know. https://t.co/eAKsZUb4CQ
ObjectId("5d1b2671a558932c46349f05"),1129042773909360641,""2019-05-16T15:15:48.000Z"",1,0,@shoyer Noted! We have similar objectives, please DM me and we’ll chat possibilities
ObjectId("5d1b2671a558932c46349f06"),1129042258177732610,""2019-05-16T15:13:45.000Z"",2,0,@AfroRoboticist I renamed it lol
ObjectId("5d1b2671a558932c46349f07"),1128731833766572032,""2019-05-15T18:40:14.000Z"",6,0,@HEPfeickert I need to rename the video title, 2 months is enough for an overview, not deep understanding thanks
ObjectId("5d1b2671a558932c46349f08"),1128711654525423616,""2019-05-15T17:20:03.000Z"",9,0,@amitkr_07 the timeline is mutable, take as long as you need! Pick a problem you want to solve in Physics and learn in that direction.
ObjectId("5d1b2671a558932c46349f09"),1128709987713204224,""2019-05-15T17:13:26.000Z"",361,58,I'm seeing a lot of skepticism from Physicists around my "Learn Physics in 2 Months" curriculum. Machine Learning enables people to make scientific discoveries without needing as much domain knowledge. See my lecture at CERN last year for an example https://t.co/dHaicR8TYx
ObjectId("5d1b2671a558932c46349f0a"),1128424243891335170,""2019-05-14T22:17:59.000Z"",0,0,@0xSkywalker being compassionate is good for both your mental and physical health, the science backs it.
ObjectId("5d1b2671a558932c46349f0b"),1128340522039484417,""2019-05-14T16:45:18.000Z"",469,74,The goal of knowledge and the goal of selfless service are the same, the wise understand this. Use knowledge as a tool to serve others, and you will always be fruitful and find the fulfillment of your desires. I have absolutely found this to be true in my own life.
ObjectId("5d1b2671a558932c46349f0c"),1128340183290507265,""2019-05-14T16:43:57.000Z"",138,20,Scientific discovery &amp; engineering solutions are tools that are used to exploit or empower. Nuclear fission aided warfare (atom bomb), but it was also used as an energy source. AI is used to exploit human emotion by social networks, but also used to save lives via drug discovery.
ObjectId("5d1b2671a558932c46349f0d"),1128201238590263296,""2019-05-14T07:31:50.000Z"",4661,229,Physics has enabled so much technology! Learning it helps improve the ability to reason from first principles, which helps innovate. It will also prepare you for opportunities in computer engineering &amp; quantum computing. This is my Physics curriculum!  https://t.co/HYejFpDWkS
ObjectId("5d1b2671a558932c46349f0e"),1127982403580977152,""2019-05-13T17:02:16.000Z"",91,19,Only TWO DAYS left to enter in for the #AIStartupChallenge and our 2019 Spring Fellowship program!

AI Startup Challenge entry form:  https://t.co/Am7qockZRR

Spring Fellowship: https://t.co/w6VpeOGbAk
ObjectId("5d1b2671a558932c46349f0f"),1126545786529955841,""2019-05-09T17:53:40.000Z"",1884,390,Been there? https://t.co/bq0fiqbuyG
ObjectId("5d1b2671a558932c46349f10"),1126303828255494144,""2019-05-09T01:52:13.000Z"",0,4,RT @AXELUnlimited: @sirajraval Breaks down the complexity of #IPFS into an easy to understand video. Give it a watch and join the Web3.0 Re…
ObjectId("5d1b2671a558932c46349f11"),1126204867012218880,""2019-05-08T19:18:58.000Z"",4,0,@Submarineering not at all, thanks though. I'm learning Physics so I can help evolve Computer Science
ObjectId("5d1b2671a558932c46349f12"),1126191549857951744,""2019-05-08T18:26:03.000Z"",520,60,"The reason I teach Statistical Mechanics is not for you, it's for me. I love teaching it.  I teach it over &amp; over &amp; over again. My life has consisted of repeatedly learning &amp; forgetting it. So here’s my opportunity to learn it again." - Prof. Susskind https://t.co/Q3ZK0aZ7bw
ObjectId("5d1b2671a558932c46349f13"),1126171426141007877,""2019-05-08T17:06:05.000Z"",1,0,@iyajainfinity Special relativity will need to conform to the laws of quantum mechanics, not the other way around. It's quantum all the way up, we just need to clearly define what quantum gravity is.
ObjectId("5d1b2671a558932c46349f14"),1125950057390297088,""2019-05-08T02:26:27.000Z"",3,0,@AgboDozie its derived from the field equations
ObjectId("5d1b2671a558932c46349f15"),1125867884587012097,""2019-05-07T20:59:55.000Z"",0,11,RT @domroselli: @sirajraval is 🔥🔥🔥with his “watch me build…” videos.

He’s giving the blueprint for an AI based startup…

For FREE.

And al…
ObjectId("5d1b2671a558932c46349f16"),1125867491878506496,""2019-05-07T20:58:22.000Z"",56,10,Advances in Quantum Biology will have a huge impact in Physics &amp; Quantum Machine Learning. There is sound evidence for quantum coherence in photosynthesis &amp; quantum tunneling in enzyme action. The question is now how quantum phenomena affect biology, rather than if they do.
ObjectId("5d1b2671a558932c46349f17"),1125867301977202690,""2019-05-07T20:57:37.000Z"",150,11,General Relativity explains macroscopic interactions. Quantum Field Theory explains microscopic interactions. But the 2 theories are mutually incompatible, they can’t both be right. Efforts to unify them into a ‘theory of everything’ are very exciting. We’re getting closer!
ObjectId("5d1b2671a558932c46349f18"),1125867238106382336,""2019-05-07T20:57:21.000Z"",147,30,22 equations define so much of modern Physics - Newton’s 3 laws of motion (Classical Mech), Einstein’s 10 field equations (General Relativity), the 4 laws of thermodynamics (Statistical Mech), Maxwell’s 4 equations (Electromagnetism) &amp; Schrodinger’s equation (Quantum Mech).
ObjectId("5d1b2671a558932c46349f19"),1125807396549304320,""2019-05-07T16:59:34.000Z"",99,16,This is a recap of FutureFest, School of AI's first ever conference! People flew in from all over the world to spend 3 days learning, educating, and envisioning what a positive AI future looks like. Get to know our community in this video #futurefest https://t.co/wRfOs7kNt2
ObjectId("5d1b2671a558932c46349f1a"),1125272357289975808,""2019-05-06T05:33:31.000Z"",4919,222,This is a cryptocurrency trading bot I've been working on called "GradientTrader"! It uses a cutting edge Deep Reinforcement Learning technique called "Multi Agent Actor Critic" to automate the trading process, I'll explain it here https://t.co/iRPu9QodEV
ObjectId("5d1b2671a558932c46349f1b"),1125271338170503170,""2019-05-06T05:29:28.000Z"",0,10,RT @nC3rtainity: Having spent almost half a lifetime contemplating becoming a proper programmer &amp; mathematician. Starting my journey toward…
ObjectId("5d1b2671a558932c46349f1c"),1125132939979714560,""2019-05-05T20:19:31.000Z"",41,0,@suzatweet This is such a great question that i'm going to compile my lengthy answer to it in video format. I'll release it within 9 days and post it here on Twitter.
ObjectId("5d1b2671a558932c46349f1d"),1124835663038148608,""2019-05-05T00:38:15.000Z"",743,101,It’s incredible how applicable Calculus is to so many seemingly disparate fields. The same techniques used to find the growth rate of Bacteria (Biology) can be used to find the direction to learn for neural nets (Computer Science) &amp; the acceleration of a moving object (Physics)
